Girokonto;Beispiel-IBAN hier;;;;;;;;;;
Zeitraum:;DD.MM.YYYY – DD.YY.YYYY;;;;;;;;;;
Kontostand vom 17.01.2026:;1.234,56 €;;;;;;;;;;
;;;;;;;;;;;
Buchungsdatum;Wertstellung;Status;Zahlungspflichtige*r;Zahlungsempfänger*in;Verwendungszweck;Umsatztyp;IBAN;Betrag (€);Gläubiger-ID;Mandatsreferenz;Kundenreferenz
DD.MM.YY;DD.MM.YY;Gebucht;Beispielname hier;Beispielname hier;Beispiel Verwendungszweck;Ausgang;Beispiel-IBAN hier;-50;;;
DD.MM.YY;DD.MM.YY;Gebucht;Beispielname hier;Beispielname hier;Beispiel Verwendungszweck;Ausgang;Beispiel-IBAN hier;-0,85;;;
DD.MM.YY;DD.MM.YY;Gebucht;Beispielname hier;Beispielname hier;Beispiel Verwendungszweck;Ausgang;Beispiel-IBAN hier;-51,17;;;
DD.MM.YY;DD.MM.YY;Gebucht;Beispielname hier;Beispielname hier;Beispiel Verwendungszweck;Ausgang;Beispiel-IBAN hier;-9;;;
DD.MM.YY;DD.MM.YY;Gebucht;Beispielname hier;Beispielname hier;Beispiel Verwendungszweck;Ausgang;Beispiel-IBAN hier;-9,98;;;
DD.MM.YY;DD.MM.YY;Gebucht;Beispielname hier;Beispielname hier;Beispiel Verwendungszweck;Ausgang;Beispiel-IBAN hier;-29,14;;;
DD.MM.YY;DD.MM.YY;Gebucht;Beispielname hier;Beispielname hier;Beispiel Verwendungszweck;Ausgang;Beispiel-IBAN hier;-11,86;;;
DD.MM.YY;DD.MM.YY;Gebucht;Beispielname hier;Beispielname hier;Beispiel Verwendungszweck;Ausgang;Beispiel-IBAN hier;-30,51;;;
DD.MM.YY;DD.MM.YY;Gebucht;Beispielname hier;Beispielname hier;Beispiel Verwendungszweck;Ausgang;Beispiel-IBAN hier;-12,99;;;
DD.MM.YY;DD.MM.YY;Gebucht;Beispielname hier;Beispielname hier;Beispiel Verwendungszweck;Ausgang;Beispiel-IBAN hier;-60,35;;;
DD.MM.YY;DD.MM.YY;Gebucht;Beispielname hier;Beispielname hier;Beispiel Verwendungszweck;Ausgang;Beispiel-IBAN hier;-65,53;;;
DD.MM.YY;DD.MM.YY;Gebucht;Beispielname hier;Beispielname hier;Beispiel Verwendungszweck;Ausgang;Beispiel-IBAN hier;-5,09;;;
DD.MM.YY;DD.MM.YY;Gebucht;Beispielname hier;Beispielname hier;Beispiel Verwendungszweck;Ausgang;Beispiel-IBAN hier;-51,21;;;
DD.MM.YY;DD.MM.YY;Gebucht;Beispielname hier;Beispielname hier;Beispiel Verwendungszweck;Ausgang;Beispiel-IBAN hier;-5,14;;;
DD.MM.YY;DD.MM.YY;Gebucht;Beispielname hier;Beispielname hier;Beispiel Verwendungszweck;Ausgang;Beispiel-IBAN hier;-250;;;
DD.MM.YY;DD.MM.YY;Gebucht;Beispielname hier;Beispielname hier;Beispiel Verwendungszweck;Ausgang;Beispiel-IBAN hier;-0,92;;;
DD.MM.YY;DD.MM.YY;Gebucht;Beispielname hier;Beispielname hier;Beispiel Verwendungszweck;Ausgang;Beispiel-IBAN hier;-6,28;;;
DD.MM.YY;DD.MM.YY;Gebucht;Beispielname hier;Beispielname hier;Beispiel Verwendungszweck;Ausgang;Beispiel-IBAN hier;-6,91;;;
DD.MM.YY;DD.MM.YY;Gebucht;Beispielname hier;Beispielname hier;Beispiel Verwendungszweck;Ausgang;Beispiel-IBAN hier;-5,86;;;
DD.MM.YY;DD.MM.YY;Gebucht;Beispielname hier;Beispielname hier;Beispiel Verwendungszweck;Ausgang;Beispiel-IBAN hier;-5,48;;;
DD.MM.YY;DD.MM.YY;Gebucht;Beispielname hier;Beispielname hier;Beispiel Verwendungszweck;Ausgang;Beispiel-IBAN hier;-31,99;;;
DD.MM.YY;DD.MM.YY;Gebucht;Beispielname hier;Beispielname hier;Beispiel Verwendungszweck;Ausgang;Beispiel-IBAN hier;-6;;;
DD.MM.YY;DD.MM.YY;Gebucht;Beispielname hier;Beispielname hier;Beispiel Verwendungszweck;Ausgang;Beispiel-IBAN hier;-49,11;;;
DD.MM.YY;DD.MM.YY;Gebucht;Beispielname hier;Beispielname hier;Beispiel Verwendungszweck;Ausgang;Beispiel-IBAN hier;-12,16;;;
DD.MM.YY;DD.MM.YY;Gebucht;Beispielname hier;Beispielname hier;Beispiel Verwendungszweck;Ausgang;Beispiel-IBAN hier;-10,02;;;
DD.MM.YY;DD.MM.YY;Gebucht;Beispielname hier;Beispielname hier;Beispiel Verwendungszweck;Ausgang;Beispiel-IBAN hier;-5,21;;;
DD.MM.YY;DD.MM.YY;Gebucht;Beispielname hier;Beispielname hier;Beispiel Verwendungszweck;Ausgang;Beispiel-IBAN hier;-13,57;;;
DD.MM.YY;DD.MM.YY;Gebucht;Beispielname hier;Beispielname hier;Beispiel Verwendungszweck;Ausgang;Beispiel-IBAN hier;-18,94;;;
DD.MM.YY;DD.MM.YY;Gebucht;Beispielname hier;Beispielname hier;Beispiel Verwendungszweck;Ausgang;Beispiel-IBAN hier;-1;;;
DD.MM.YY;DD.MM.YY;Gebucht;Beispielname hier;Beispielname hier;Beispiel Verwendungszweck;Ausgang;Beispiel-IBAN hier;-2,67;;;
DD.MM.YY;DD.MM.YY;Gebucht;Beispielname hier;Beispielname hier;Beispiel Verwendungszweck;Ausgang;Beispiel-IBAN hier;-13,65;;;
DD.MM.YY;DD.MM.YY;Gebucht;Beispielname hier;Beispielname hier;Beispiel Verwendungszweck;Ausgang;Beispiel-IBAN hier;-6,2;;;
DD.MM.YY;DD.MM.YY;Gebucht;Beispielname hier;Beispielname hier;Beispiel Verwendungszweck;Ausgang;Beispiel-IBAN hier;-75,86;;;
DD.MM.YY;DD.MM.YY;Gebucht;Beispielname hier;Beispielname hier;Beispiel Verwendungszweck;Ausgang;Beispiel-IBAN hier;-5,27;;;
DD.MM.YY;DD.MM.YY;Gebucht;Beispielname hier;Beispielname hier;Beispiel Verwendungszweck;Ausgang;Beispiel-IBAN hier;-4,53;;;
DD.MM.YY;DD.MM.YY;Gebucht;Beispielname hier;Beispielname hier;Beispiel Verwendungszweck;Ausgang;Beispiel-IBAN hier;-1.074;;;
DD.MM.YY;DD.MM.YY;Gebucht;Beispielname hier;Beispielname hier;Beispiel Verwendungszweck;Ausgang;Beispiel-IBAN hier;-9,98;;;
DD.MM.YY;DD.MM.YY;Gebucht;Beispielname hier;Beispielname hier;Beispiel Verwendungszweck;Ausgang;Beispiel-IBAN hier;-42,83;;;
DD.MM.YY;DD.MM.YY;Gebucht;Beispielname hier;Beispielname hier;Beispiel Verwendungszweck;Ausgang;Beispiel-IBAN hier;-6,27;;;
DD.MM.YY;DD.MM.YY;Gebucht;Beispielname hier;Beispielname hier;Beispiel Verwendungszweck;Ausgang;Beispiel-IBAN hier;-49,94;;;
DD.MM.YY;DD.MM.YY;Gebucht;Beispielname hier;Beispielname hier;Beispiel Verwendungszweck;Ausgang;Beispiel-IBAN hier;-26,61;;;
DD.MM.YY;DD.MM.YY;Gebucht;Beispielname hier;Beispielname hier;Beispiel Verwendungszweck;Eingang;Beispiel-IBAN hier;0;;;
DD.MM.YY;DD.MM.YY;Gebucht;Beispielname hier;Beispielname hier;Beispiel Verwendungszweck;Ausgang;Beispiel-IBAN hier;-43,49;;;
DD.MM.YY;DD.MM.YY;Gebucht;Beispielname hier;Beispielname hier;Beispiel Verwendungszweck;Ausgang;Beispiel-IBAN hier;-15,48;;;
DD.MM.YY;DD.MM.YY;Gebucht;Beispielname hier;Beispielname hier;Beispiel Verwendungszweck;Ausgang;Beispiel-IBAN hier;-1,74;;;
DD.MM.YY;DD.MM.YY;Gebucht;Beispielname hier;Beispielname hier;Beispiel Verwendungszweck;Ausgang;Beispiel-IBAN hier;-146,53;;;
DD.MM.YY;DD.MM.YY;Gebucht;Beispielname hier;Beispielname hier;Beispiel Verwendungszweck;Ausgang;Beispiel-IBAN hier;-72,99;;;
DD.MM.YY;DD.MM.YY;Gebucht;Beispielname hier;Beispielname hier;Beispiel Verwendungszweck;Eingang;Beispiel-IBAN hier;30,57;;;
DD.MM.YY;DD.MM.YY;Gebucht;Beispielname hier;Beispielname hier;Beispiel Verwendungszweck;Ausgang;Beispiel-IBAN hier;-14,79;;;
DD.MM.YY;DD.MM.YY;Gebucht;Beispielname hier;Beispielname hier;Beispiel Verwendungszweck;Ausgang;Beispiel-IBAN hier;-6,42;;;
DD.MM.YY;DD.MM.YY;Gebucht;Beispielname hier;Beispielname hier;Beispiel Verwendungszweck;Ausgang;Beispiel-IBAN hier;-11,96;;;
DD.MM.YY;DD.MM.YY;Gebucht;Beispielname hier;Beispielname hier;Beispiel Verwendungszweck;Ausgang;Beispiel-IBAN hier;-102,23;;;
DD.MM.YY;DD.MM.YY;Gebucht;Beispielname hier;Beispielname hier;Beispiel Verwendungszweck;Ausgang;Beispiel-IBAN hier;-169,33;;;
DD.MM.YY;DD.MM.YY;Gebucht;Beispielname hier;Beispielname hier;Beispiel Verwendungszweck;Eingang;Beispiel-IBAN hier;270;;;
DD.MM.YY;DD.MM.YY;Gebucht;Beispielname hier;Beispielname hier;Beispiel Verwendungszweck;Ausgang;Beispiel-IBAN hier;-2,65;;;
DD.MM.YY;DD.MM.YY;Gebucht;Beispielname hier;Beispielname hier;Beispiel Verwendungszweck;Ausgang;Beispiel-IBAN hier;-1,5;;;
DD.MM.YY;DD.MM.YY;Gebucht;Beispielname hier;Beispielname hier;Beispiel Verwendungszweck;Ausgang;Beispiel-IBAN hier;-4;;;
DD.MM.YY;DD.MM.YY;Gebucht;Beispielname hier;Beispielname hier;Beispiel Verwendungszweck;Ausgang;Beispiel-IBAN hier;-1;;;
DD.MM.YY;DD.MM.YY;Gebucht;Beispielname hier;Beispielname hier;Beispiel Verwendungszweck;Ausgang;Beispiel-IBAN hier;-6,76;;;
DD.MM.YY;DD.MM.YY;Gebucht;Beispielname hier;Beispielname hier;Beispiel Verwendungszweck;Ausgang;Beispiel-IBAN hier;-34,95;;;
DD.MM.YY;DD.MM.YY;Gebucht;Beispielname hier;Beispielname hier;Beispiel Verwendungszweck;Ausgang;Beispiel-IBAN hier;-6,55;;;
DD.MM.YY;DD.MM.YY;Gebucht;Beispielname hier;Beispielname hier;Beispiel Verwendungszweck;Ausgang;Beispiel-IBAN hier;-4,88;;;
DD.MM.YY;DD.MM.YY;Gebucht;Beispielname hier;Beispielname hier;Beispiel Verwendungszweck;Ausgang;Beispiel-IBAN hier;-6,54;;;
DD.MM.YY;DD.MM.YY;Gebucht;Beispielname hier;Beispielname hier;Beispiel Verwendungszweck;Ausgang;Beispiel-IBAN hier;-27,79;;;
DD.MM.YY;DD.MM.YY;Gebucht;Beispielname hier;Beispielname hier;Beispiel Verwendungszweck;Ausgang;Beispiel-IBAN hier;-19,9;;;
DD.MM.YY;DD.MM.YY;Gebucht;Beispielname hier;Beispielname hier;Beispiel Verwendungszweck;Ausgang;Beispiel-IBAN hier;-17,09;;;
DD.MM.YY;DD.MM.YY;Gebucht;Beispielname hier;Beispielname hier;Beispiel Verwendungszweck;Ausgang;Beispiel-IBAN hier;-14,7;;;
DD.MM.YY;DD.MM.YY;Gebucht;Beispielname hier;Beispielname hier;Beispiel Verwendungszweck;Ausgang;Beispiel-IBAN hier;-10,95;;;
DD.MM.YY;DD.MM.YY;Gebucht;Beispielname hier;Beispielname hier;Beispiel Verwendungszweck;Ausgang;Beispiel-IBAN hier;-27,15;;;
DD.MM.YY;DD.MM.YY;Gebucht;Beispielname hier;Beispielname hier;Beispiel Verwendungszweck;Ausgang;Beispiel-IBAN hier;-53,97;;;
DD.MM.YY;DD.MM.YY;Gebucht;Beispielname hier;Beispielname hier;Beispiel Verwendungszweck;Ausgang;Beispiel-IBAN hier;-3,35;;;
DD.MM.YY;DD.MM.YY;Gebucht;Beispielname hier;Beispielname hier;Beispiel Verwendungszweck;Ausgang;Beispiel-IBAN hier;-10,03;;;
DD.MM.YY;DD.MM.YY;Gebucht;Beispielname hier;Beispielname hier;Beispiel Verwendungszweck;Eingang;Beispiel-IBAN hier;2.731,8;;;
DD.MM.YY;DD.MM.YY;Gebucht;Beispielname hier;Beispielname hier;Beispiel Verwendungszweck;Ausgang;Beispiel-IBAN hier;-27,79;;;
DD.MM.YY;DD.MM.YY;Gebucht;Beispielname hier;Beispielname hier;Beispiel Verwendungszweck;Ausgang;Beispiel-IBAN hier;-9,65;;;
DD.MM.YY;DD.MM.YY;Gebucht;Beispielname hier;Beispielname hier;Beispiel Verwendungszweck;Ausgang;Beispiel-IBAN hier;-10;;;
DD.MM.YY;DD.MM.YY;Gebucht;Beispielname hier;Beispielname hier;Beispiel Verwendungszweck;Ausgang;Beispiel-IBAN hier;-28,79;;;
DD.MM.YY;DD.MM.YY;Gebucht;Beispielname hier;Beispielname hier;Beispiel Verwendungszweck;Ausgang;Beispiel-IBAN hier;-5,53;;;
DD.MM.YY;DD.MM.YY;Gebucht;Beispielname hier;Beispielname hier;Beispiel Verwendungszweck;Ausgang;Beispiel-IBAN hier;-13,73;;;
DD.MM.YY;DD.MM.YY;Gebucht;Beispielname hier;Beispielname hier;Beispiel Verwendungszweck;Ausgang;Beispiel-IBAN hier;-19,29;;;
DD.MM.YY;DD.MM.YY;Gebucht;Beispielname hier;Beispielname hier;Beispiel Verwendungszweck;Ausgang;Beispiel-IBAN hier;-11,49;;;
DD.MM.YY;DD.MM.YY;Gebucht;Beispielname hier;Beispielname hier;Beispiel Verwendungszweck;Ausgang;Beispiel-IBAN hier;-1,27;;;
DD.MM.YY;DD.MM.YY;Gebucht;Beispielname hier;Beispielname hier;Beispiel Verwendungszweck;Ausgang;Beispiel-IBAN hier;-46,02;;;
DD.MM.YY;DD.MM.YY;Gebucht;Beispielname hier;Beispielname hier;Beispiel Verwendungszweck;Ausgang;Beispiel-IBAN hier;-12,14;;;
DD.MM.YY;DD.MM.YY;Gebucht;Beispielname hier;Beispielname hier;Beispiel Verwendungszweck;Ausgang;Beispiel-IBAN hier;-27,79;;;
DD.MM.YY;DD.MM.YY;Gebucht;Beispielname hier;Beispielname hier;Beispiel Verwendungszweck;Ausgang;Beispiel-IBAN hier;-55,08;;;
DD.MM.YY;DD.MM.YY;Gebucht;Beispielname hier;Beispielname hier;Beispiel Verwendungszweck;Ausgang;Beispiel-IBAN hier;-9,98;;;
DD.MM.YY;DD.MM.YY;Gebucht;Beispielname hier;Beispielname hier;Beispiel Verwendungszweck;Ausgang;Beispiel-IBAN hier;-51,21;;;
DD.MM.YY;DD.MM.YY;Gebucht;Beispielname hier;Beispielname hier;Beispiel Verwendungszweck;Ausgang;Beispiel-IBAN hier;-13,08;;;
DD.MM.YY;DD.MM.YY;Gebucht;Beispielname hier;Beispielname hier;Beispiel Verwendungszweck;Ausgang;Beispiel-IBAN hier;-6,1;;;
DD.MM.YY;DD.MM.YY;Gebucht;Beispielname hier;Beispielname hier;Beispiel Verwendungszweck;Ausgang;Beispiel-IBAN hier;-33,68;;;
DD.MM.YY;DD.MM.YY;Gebucht;Beispielname hier;Beispielname hier;Beispiel Verwendungszweck;Ausgang;Beispiel-IBAN hier;-3,95;;;
DD.MM.YY;DD.MM.YY;Gebucht;Beispielname hier;Beispielname hier;Beispiel Verwendungszweck;Ausgang;Beispiel-IBAN hier;-22,5;;;
DD.MM.YY;DD.MM.YY;Gebucht;Beispielname hier;Beispielname hier;Beispiel Verwendungszweck;Ausgang;Beispiel-IBAN hier;-18,75;;;
DD.MM.YY;DD.MM.YY;Gebucht;Beispielname hier;Beispielname hier;Beispiel Verwendungszweck;Ausgang;Beispiel-IBAN hier;-250;;;
DD.MM.YY;DD.MM.YY;Gebucht;Beispielname hier;Beispielname hier;Beispiel Verwendungszweck;Ausgang;Beispiel-IBAN hier;-10,84;;;
DD.MM.YY;DD.MM.YY;Gebucht;Beispielname hier;Beispielname hier;Beispiel Verwendungszweck;Ausgang;Beispiel-IBAN hier;-5,39;;;
DD.MM.YY;DD.MM.YY;Gebucht;Beispielname hier;Beispielname hier;Beispiel Verwendungszweck;Ausgang;Beispiel-IBAN hier;-17,67;;;
DD.MM.YY;DD.MM.YY;Gebucht;Beispielname hier;Beispielname hier;Beispiel Verwendungszweck;Ausgang;Beispiel-IBAN hier;-1,09;;;
DD.MM.YY;DD.MM.YY;Gebucht;Beispielname hier;Beispielname hier;Beispiel Verwendungszweck;Ausgang;Beispiel-IBAN hier;-7,5;;;
DD.MM.YY;DD.MM.YY;Gebucht;Beispielname hier;Beispielname hier;Beispiel Verwendungszweck;Ausgang;Beispiel-IBAN hier;-29,9;;;
DD.MM.YY;DD.MM.YY;Gebucht;Beispielname hier;Beispielname hier;Beispiel Verwendungszweck;Ausgang;Beispiel-IBAN hier;-3,23;;;
DD.MM.YY;DD.MM.YY;Gebucht;Beispielname hier;Beispielname hier;Beispiel Verwendungszweck;Ausgang;Beispiel-IBAN hier;-1.203,45;;;
DD.MM.YY;DD.MM.YY;Gebucht;Beispielname hier;Beispielname hier;Beispiel Verwendungszweck;Ausgang;Beispiel-IBAN hier;-78,35;;;
DD.MM.YY;DD.MM.YY;Gebucht;Beispielname hier;Beispielname hier;Beispiel Verwendungszweck;Ausgang;Beispiel-IBAN hier;-18,13;;;
DD.MM.YY;DD.MM.YY;Gebucht;Beispielname hier;Beispielname hier;Beispiel Verwendungszweck;Ausgang;Beispiel-IBAN hier;-11,19;;;
DD.MM.YY;DD.MM.YY;Gebucht;Beispielname hier;Beispielname hier;Beispiel Verwendungszweck;Ausgang;Beispiel-IBAN hier;-21,64;;;
DD.MM.YY;DD.MM.YY;Gebucht;Beispielname hier;Beispielname hier;Beispiel Verwendungszweck;Ausgang;Beispiel-IBAN hier;-1,02;;;
DD.MM.YY;DD.MM.YY;Gebucht;Beispielname hier;Beispielname hier;Beispiel Verwendungszweck;Ausgang;Beispiel-IBAN hier;-28,79;;;
DD.MM.YY;DD.MM.YY;Gebucht;Beispielname hier;Beispielname hier;Beispiel Verwendungszweck;Ausgang;Beispiel-IBAN hier;-80,5;;;
DD.MM.YY;DD.MM.YY;Gebucht;Beispielname hier;Beispielname hier;Beispiel Verwendungszweck;Ausgang;Beispiel-IBAN hier;-34,42;;;
DD.MM.YY;DD.MM.YY;Gebucht;Beispielname hier;Beispielname hier;Beispiel Verwendungszweck;Ausgang;Beispiel-IBAN hier;-1,24;;;
DD.MM.YY;DD.MM.YY;Gebucht;Beispielname hier;Beispielname hier;Beispiel Verwendungszweck;Ausgang;Beispiel-IBAN hier;-10;;;
DD.MM.YY;DD.MM.YY;Gebucht;Beispielname hier;Beispielname hier;Beispiel Verwendungszweck;Ausgang;Beispiel-IBAN hier;-3,3;;;
DD.MM.YY;DD.MM.YY;Gebucht;Beispielname hier;Beispielname hier;Beispiel Verwendungszweck;Ausgang;Beispiel-IBAN hier;-60;;;
DD.MM.YY;DD.MM.YY;Gebucht;Beispielname hier;Beispielname hier;Beispiel Verwendungszweck;Ausgang;Beispiel-IBAN hier;-26,61;;;
DD.MM.YY;DD.MM.YY;Gebucht;Beispielname hier;Beispielname hier;Beispiel Verwendungszweck;Ausgang;Beispiel-IBAN hier;-5,95;;;
DD.MM.YY;DD.MM.YY;Gebucht;Beispielname hier;Beispielname hier;Beispiel Verwendungszweck;Ausgang;Beispiel-IBAN hier;-92,28;;;
DD.MM.YY;DD.MM.YY;Gebucht;Beispielname hier;Beispielname hier;Beispiel Verwendungszweck;Ausgang;Beispiel-IBAN hier;-32;;;
DD.MM.YY;DD.MM.YY;Gebucht;Beispielname hier;Beispielname hier;Beispiel Verwendungszweck;Ausgang;Beispiel-IBAN hier;-1.074;;;
DD.MM.YY;DD.MM.YY;Gebucht;Beispielname hier;Beispielname hier;Beispiel Verwendungszweck;Ausgang;Beispiel-IBAN hier;-37,63;;;
DD.MM.YY;DD.MM.YY;Gebucht;Beispielname hier;Beispielname hier;Beispiel Verwendungszweck;Ausgang;Beispiel-IBAN hier;-34,95;;;
DD.MM.YY;DD.MM.YY;Gebucht;Beispielname hier;Beispielname hier;Beispiel Verwendungszweck;Ausgang;Beispiel-IBAN hier;-26,61;;;
DD.MM.YY;DD.MM.YY;Gebucht;Beispielname hier;Beispielname hier;Beispiel Verwendungszweck;Ausgang;Beispiel-IBAN hier;-71;;;
DD.MM.YY;DD.MM.YY;Gebucht;Beispielname hier;Beispielname hier;Beispiel Verwendungszweck;Ausgang;Beispiel-IBAN hier;-31,69;;;
DD.MM.YY;DD.MM.YY;Gebucht;Beispielname hier;Beispielname hier;Beispiel Verwendungszweck;Ausgang;Beispiel-IBAN hier;-4,7;;;
DD.MM.YY;DD.MM.YY;Gebucht;Beispielname hier;Beispielname hier;Beispiel Verwendungszweck;Ausgang;Beispiel-IBAN hier;-49,94;;;
DD.MM.YY;DD.MM.YY;Gebucht;Beispielname hier;Beispielname hier;Beispiel Verwendungszweck;Ausgang;Beispiel-IBAN hier;-4,83;;;
DD.MM.YY;DD.MM.YY;Gebucht;Beispielname hier;Beispielname hier;Beispiel Verwendungszweck;Eingang;Beispiel-IBAN hier;4.319,51;;;
DD.MM.YY;DD.MM.YY;Gebucht;Beispielname hier;Beispielname hier;Beispiel Verwendungszweck;Ausgang;Beispiel-IBAN hier;-34,09;;;
DD.MM.YY;DD.MM.YY;Gebucht;Beispielname hier;Beispielname hier;Beispiel Verwendungszweck;Ausgang;Beispiel-IBAN hier;-14,56;;;
DD.MM.YY;DD.MM.YY;Gebucht;Beispielname hier;Beispielname hier;Beispiel Verwendungszweck;Ausgang;Beispiel-IBAN hier;-44,65;;;
DD.MM.YY;DD.MM.YY;Gebucht;Beispielname hier;Beispielname hier;Beispiel Verwendungszweck;Ausgang;Beispiel-IBAN hier;-14,56;;;
DD.MM.YY;DD.MM.YY;Gebucht;Beispielname hier;Beispielname hier;Beispiel Verwendungszweck;Ausgang;Beispiel-IBAN hier;-4,86;;;
DD.MM.YY;DD.MM.YY;Gebucht;Beispielname hier;Beispielname hier;Beispiel Verwendungszweck;Ausgang;Beispiel-IBAN hier;-9,24;;;
DD.MM.YY;DD.MM.YY;Gebucht;Beispielname hier;Beispielname hier;Beispiel Verwendungszweck;Ausgang;Beispiel-IBAN hier;-95,9;;;
DD.MM.YY;DD.MM.YY;Gebucht;Beispielname hier;Beispielname hier;Beispiel Verwendungszweck;Ausgang;Beispiel-IBAN hier;-7,57;;;
DD.MM.YY;DD.MM.YY;Gebucht;Beispielname hier;Beispielname hier;Beispiel Verwendungszweck;Ausgang;Beispiel-IBAN hier;-59,87;;;
DD.MM.YY;DD.MM.YY;Gebucht;Beispielname hier;Beispielname hier;Beispiel Verwendungszweck;Ausgang;Beispiel-IBAN hier;-6,47;;;
DD.MM.YY;DD.MM.YY;Gebucht;Beispielname hier;Beispielname hier;Beispiel Verwendungszweck;Ausgang;Beispiel-IBAN hier;-5,21;;;
DD.MM.YY;DD.MM.YY;Gebucht;Beispielname hier;Beispielname hier;Beispiel Verwendungszweck;Ausgang;Beispiel-IBAN hier;-10,9;;;
DD.MM.YY;DD.MM.YY;Gebucht;Beispielname hier;Beispielname hier;Beispiel Verwendungszweck;Ausgang;Beispiel-IBAN hier;-17,76;;;
DD.MM.YY;DD.MM.YY;Gebucht;Beispielname hier;Beispielname hier;Beispiel Verwendungszweck;Ausgang;Beispiel-IBAN hier;-3,28;;;
DD.MM.YY;DD.MM.YY;Gebucht;Beispielname hier;Beispielname hier;Beispiel Verwendungszweck;Ausgang;Beispiel-IBAN hier;-380;;;
DD.MM.YY;DD.MM.YY;Gebucht;Beispielname hier;Beispielname hier;Beispiel Verwendungszweck;Ausgang;Beispiel-IBAN hier;-12;;;
DD.MM.YY;DD.MM.YY;Gebucht;Beispielname hier;Beispielname hier;Beispiel Verwendungszweck;Ausgang;Beispiel-IBAN hier;-6,8;;;
DD.MM.YY;DD.MM.YY;Gebucht;Beispielname hier;Beispielname hier;Beispiel Verwendungszweck;Ausgang;Beispiel-IBAN hier;-1;;;
DD.MM.YY;DD.MM.YY;Gebucht;Beispielname hier;Beispielname hier;Beispiel Verwendungszweck;Ausgang;Beispiel-IBAN hier;-55,91;;;
DD.MM.YY;DD.MM.YY;Gebucht;Beispielname hier;Beispielname hier;Beispiel Verwendungszweck;Ausgang;Beispiel-IBAN hier;-3,79;;;
DD.MM.YY;DD.MM.YY;Gebucht;Beispielname hier;Beispielname hier;Beispiel Verwendungszweck;Ausgang;Beispiel-IBAN hier;-49,23;;;
DD.MM.YY;DD.MM.YY;Gebucht;Beispielname hier;Beispielname hier;Beispiel Verwendungszweck;Ausgang;Beispiel-IBAN hier;-43,54;;;
DD.MM.YY;DD.MM.YY;Gebucht;Beispielname hier;Beispielname hier;Beispiel Verwendungszweck;Ausgang;Beispiel-IBAN hier;-1;;;
DD.MM.YY;DD.MM.YY;Gebucht;Beispielname hier;Beispielname hier;Beispiel Verwendungszweck;Eingang;Beispiel-IBAN hier;15;;;
DD.MM.YY;DD.MM.YY;Gebucht;Beispielname hier;Beispielname hier;Beispiel Verwendungszweck;Ausgang;Beispiel-IBAN hier;-50;;;
DD.MM.YY;DD.MM.YY;Gebucht;Beispielname hier;Beispielname hier;Beispiel Verwendungszweck;Ausgang;Beispiel-IBAN hier;-3,23;;;
DD.MM.YY;DD.MM.YY;Gebucht;Beispielname hier;Beispielname hier;Beispiel Verwendungszweck;Ausgang;Beispiel-IBAN hier;-11,44;;;
DD.MM.YY;DD.MM.YY;Gebucht;Beispielname hier;Beispielname hier;Beispiel Verwendungszweck;Ausgang;Beispiel-IBAN hier;-5,08;;;
DD.MM.YY;DD.MM.YY;Gebucht;Beispielname hier;Beispielname hier;Beispiel Verwendungszweck;Ausgang;Beispiel-IBAN hier;-12,02;;;
DD.MM.YY;DD.MM.YY;Gebucht;Beispielname hier;Beispielname hier;Beispiel Verwendungszweck;Ausgang;Beispiel-IBAN hier;-15,53;;;
DD.MM.YY;DD.MM.YY;Gebucht;Beispielname hier;Beispielname hier;Beispiel Verwendungszweck;Eingang;Beispiel-IBAN hier;985;;;
DD.MM.YY;DD.MM.YY;Gebucht;Beispielname hier;Beispielname hier;Beispiel Verwendungszweck;Ausgang;Beispiel-IBAN hier;-8,7;;;
DD.MM.YY;DD.MM.YY;Gebucht;Beispielname hier;Beispielname hier;Beispiel Verwendungszweck;Ausgang;Beispiel-IBAN hier;-0,96;;;
DD.MM.YY;DD.MM.YY;Gebucht;Beispielname hier;Beispielname hier;Beispiel Verwendungszweck;Ausgang;Beispiel-IBAN hier;-33,17;;;
DD.MM.YY;DD.MM.YY;Gebucht;Beispielname hier;Beispielname hier;Beispiel Verwendungszweck;Ausgang;Beispiel-IBAN hier;-69;;;
DD.MM.YY;DD.MM.YY;Gebucht;Beispielname hier;Beispielname hier;Beispiel Verwendungszweck;Ausgang;Beispiel-IBAN hier;-35,7;;;
DD.MM.YY;DD.MM.YY;Gebucht;Beispielname hier;Beispielname hier;Beispiel Verwendungszweck;Ausgang;Beispiel-IBAN hier;-4,99;;;
DD.MM.YY;DD.MM.YY;Gebucht;Beispielname hier;Beispielname hier;Beispiel Verwendungszweck;Ausgang;Beispiel-IBAN hier;-17,36;;;
DD.MM.YY;DD.MM.YY;Gebucht;Beispielname hier;Beispielname hier;Beispiel Verwendungszweck;Ausgang;Beispiel-IBAN hier;-7,92;;;
DD.MM.YY;DD.MM.YY;Gebucht;Beispielname hier;Beispielname hier;Beispiel Verwendungszweck;Ausgang;Beispiel-IBAN hier;-2,99;;;
DD.MM.YY;DD.MM.YY;Gebucht;Beispielname hier;Beispielname hier;Beispiel Verwendungszweck;Ausgang;Beispiel-IBAN hier;-250;;;
DD.MM.YY;DD.MM.YY;Gebucht;Beispielname hier;Beispielname hier;Beispiel Verwendungszweck;Ausgang;Beispiel-IBAN hier;-10,87;;;
DD.MM.YY;DD.MM.YY;Gebucht;Beispielname hier;Beispielname hier;Beispiel Verwendungszweck;Ausgang;Beispiel-IBAN hier;-0,76;;;
DD.MM.YY;DD.MM.YY;Gebucht;Beispielname hier;Beispielname hier;Beispiel Verwendungszweck;Ausgang;Beispiel-IBAN hier;-20,31;;;
DD.MM.YY;DD.MM.YY;Gebucht;Beispielname hier;Beispielname hier;Beispiel Verwendungszweck;Ausgang;Beispiel-IBAN hier;-8,23;;;
DD.MM.YY;DD.MM.YY;Gebucht;Beispielname hier;Beispielname hier;Beispiel Verwendungszweck;Ausgang;Beispiel-IBAN hier;-26,44;;;
DD.MM.YY;DD.MM.YY;Gebucht;Beispielname hier;Beispielname hier;Beispiel Verwendungszweck;Ausgang;Beispiel-IBAN hier;-9,71;;;
DD.MM.YY;DD.MM.YY;Gebucht;Beispielname hier;Beispielname hier;Beispiel Verwendungszweck;Ausgang;Beispiel-IBAN hier;-21,89;;;
DD.MM.YY;DD.MM.YY;Gebucht;Beispielname hier;Beispielname hier;Beispiel Verwendungszweck;Ausgang;Beispiel-IBAN hier;-61,06;;;
DD.MM.YY;DD.MM.YY;Gebucht;Beispielname hier;Beispielname hier;Beispiel Verwendungszweck;Ausgang;Beispiel-IBAN hier;-35,44;;;
DD.MM.YY;DD.MM.YY;Gebucht;Beispielname hier;Beispielname hier;Beispiel Verwendungszweck;Ausgang;Beispiel-IBAN hier;-23,3;;;
DD.MM.YY;DD.MM.YY;Gebucht;Beispielname hier;Beispielname hier;Beispiel Verwendungszweck;Ausgang;Beispiel-IBAN hier;-14,97;;;
DD.MM.YY;DD.MM.YY;Gebucht;Beispielname hier;Beispielname hier;Beispiel Verwendungszweck;Ausgang;Beispiel-IBAN hier;-129,98;;;
DD.MM.YY;DD.MM.YY;Gebucht;Beispielname hier;Beispielname hier;Beispiel Verwendungszweck;Ausgang;Beispiel-IBAN hier;-57,02;;;
DD.MM.YY;DD.MM.YY;Gebucht;Beispielname hier;Beispielname hier;Beispiel Verwendungszweck;Ausgang;Beispiel-IBAN hier;-37,66;;;
DD.MM.YY;DD.MM.YY;Gebucht;Beispielname hier;Beispielname hier;Beispiel Verwendungszweck;Ausgang;Beispiel-IBAN hier;-44,95;;;
DD.MM.YY;DD.MM.YY;Gebucht;Beispielname hier;Beispielname hier;Beispiel Verwendungszweck;Ausgang;Beispiel-IBAN hier;-1;;;
DD.MM.YY;DD.MM.YY;Gebucht;Beispielname hier;Beispielname hier;Beispiel Verwendungszweck;Ausgang;Beispiel-IBAN hier;-26,8;;;
DD.MM.YY;DD.MM.YY;Gebucht;Beispielname hier;Beispielname hier;Beispiel Verwendungszweck;Ausgang;Beispiel-IBAN hier;-26,61;;;
DD.MM.YY;DD.MM.YY;Gebucht;Beispielname hier;Beispielname hier;Beispiel Verwendungszweck;Ausgang;Beispiel-IBAN hier;-1.074;;;
DD.MM.YY;DD.MM.YY;Gebucht;Beispielname hier;Beispielname hier;Beispiel Verwendungszweck;Ausgang;Beispiel-IBAN hier;-32,06;;;
DD.MM.YY;DD.MM.YY;Gebucht;Beispielname hier;Beispielname hier;Beispiel Verwendungszweck;Ausgang;Beispiel-IBAN hier;-4;;;
DD.MM.YY;DD.MM.YY;Gebucht;Beispielname hier;Beispielname hier;Beispiel Verwendungszweck;Ausgang;Beispiel-IBAN hier;-7,2;;;
DD.MM.YY;DD.MM.YY;Gebucht;Beispielname hier;Beispielname hier;Beispiel Verwendungszweck;Ausgang;Beispiel-IBAN hier;-1;;;
DD.MM.YY;DD.MM.YY;Gebucht;Beispielname hier;Beispielname hier;Beispiel Verwendungszweck;Ausgang;Beispiel-IBAN hier;-1,99;;;
DD.MM.YY;DD.MM.YY;Gebucht;Beispielname hier;Beispielname hier;Beispiel Verwendungszweck;Ausgang;Beispiel-IBAN hier;-5,9;;;
DD.MM.YY;DD.MM.YY;Gebucht;Beispielname hier;Beispielname hier;Beispiel Verwendungszweck;Ausgang;Beispiel-IBAN hier;-26,44;;;
DD.MM.YY;DD.MM.YY;Gebucht;Beispielname hier;Beispielname hier;Beispiel Verwendungszweck;Ausgang;Beispiel-IBAN hier;-33,56;;;
DD.MM.YY;DD.MM.YY;Gebucht;Beispielname hier;Beispielname hier;Beispiel Verwendungszweck;Ausgang;Beispiel-IBAN hier;-1;;;
DD.MM.YY;DD.MM.YY;Gebucht;Beispielname hier;Beispielname hier;Beispiel Verwendungszweck;Ausgang;Beispiel-IBAN hier;-18,23;;;
DD.MM.YY;DD.MM.YY;Gebucht;Beispielname hier;Beispielname hier;Beispiel Verwendungszweck;Ausgang;Beispiel-IBAN hier;-2,68;;;
DD.MM.YY;DD.MM.YY;Gebucht;Beispielname hier;Beispielname hier;Beispiel Verwendungszweck;Ausgang;Beispiel-IBAN hier;-19,47;;;
DD.MM.YY;DD.MM.YY;Gebucht;Beispielname hier;Beispielname hier;Beispiel Verwendungszweck;Ausgang;Beispiel-IBAN hier;-49,94;;;
DD.MM.YY;DD.MM.YY;Gebucht;Beispielname hier;Beispielname hier;Beispiel Verwendungszweck;Ausgang;Beispiel-IBAN hier;-34,95;;;
DD.MM.YY;DD.MM.YY;Gebucht;Beispielname hier;Beispielname hier;Beispiel Verwendungszweck;Ausgang;Beispiel-IBAN hier;-71;;;
DD.MM.YY;DD.MM.YY;Gebucht;Beispielname hier;Beispielname hier;Beispiel Verwendungszweck;Eingang;Beispiel-IBAN hier;780,48;;;
DD.MM.YY;DD.MM.YY;Gebucht;Beispielname hier;Beispielname hier;Beispiel Verwendungszweck;Ausgang;Beispiel-IBAN hier;-39,76;;;
DD.MM.YY;DD.MM.YY;Gebucht;Beispielname hier;Beispielname hier;Beispiel Verwendungszweck;Ausgang;Beispiel-IBAN hier;-5,89;;;
DD.MM.YY;DD.MM.YY;Gebucht;Beispielname hier;Beispielname hier;Beispiel Verwendungszweck;Ausgang;Beispiel-IBAN hier;-231,99;;;
DD.MM.YY;DD.MM.YY;Gebucht;Beispielname hier;Beispielname hier;Beispiel Verwendungszweck;Ausgang;Beispiel-IBAN hier;-29;;;
DD.MM.YY;DD.MM.YY;Gebucht;Beispielname hier;Beispielname hier;Beispiel Verwendungszweck;Eingang;Beispiel-IBAN hier;2.731,8;;;
DD.MM.YY;DD.MM.YY;Gebucht;Beispielname hier;Beispielname hier;Beispiel Verwendungszweck;Ausgang;Beispiel-IBAN hier;-19,47;;;
DD.MM.YY;DD.MM.YY;Gebucht;Beispielname hier;Beispielname hier;Beispiel Verwendungszweck;Ausgang;Beispiel-IBAN hier;-3,7;;;
DD.MM.YY;DD.MM.YY;Gebucht;Beispielname hier;Beispielname hier;Beispiel Verwendungszweck;Ausgang;Beispiel-IBAN hier;-32,01;;;
DD.MM.YY;DD.MM.YY;Gebucht;Beispielname hier;Beispielname hier;Beispiel Verwendungszweck;Ausgang;Beispiel-IBAN hier;-15,98;;;
DD.MM.YY;DD.MM.YY;Gebucht;Beispielname hier;Beispielname hier;Beispiel Verwendungszweck;Ausgang;Beispiel-IBAN hier;-2,39;;;
DD.MM.YY;DD.MM.YY;Gebucht;Beispielname hier;Beispielname hier;Beispiel Verwendungszweck;Ausgang;Beispiel-IBAN hier;-369;;;
DD.MM.YY;DD.MM.YY;Gebucht;Beispielname hier;Beispielname hier;Beispiel Verwendungszweck;Ausgang;Beispiel-IBAN hier;-7,39;;;
DD.MM.YY;DD.MM.YY;Gebucht;Beispielname hier;Beispielname hier;Beispiel Verwendungszweck;Ausgang;Beispiel-IBAN hier;-15,67;;;
DD.MM.YY;DD.MM.YY;Gebucht;Beispielname hier;Beispielname hier;Beispiel Verwendungszweck;Ausgang;Beispiel-IBAN hier;-18,12;;;
DD.MM.YY;DD.MM.YY;Gebucht;Beispielname hier;Beispielname hier;Beispiel Verwendungszweck;Ausgang;Beispiel-IBAN hier;-32,1;;;
DD.MM.YY;DD.MM.YY;Gebucht;Beispielname hier;Beispielname hier;Beispiel Verwendungszweck;Ausgang;Beispiel-IBAN hier;-1,75;;;
DD.MM.YY;DD.MM.YY;Gebucht;Beispielname hier;Beispielname hier;Beispiel Verwendungszweck;Ausgang;Beispiel-IBAN hier;-13,9;;;
DD.MM.YY;DD.MM.YY;Gebucht;Beispielname hier;Beispielname hier;Beispiel Verwendungszweck;Ausgang;Beispiel-IBAN hier;-11,48;;;
DD.MM.YY;DD.MM.YY;Gebucht;Beispielname hier;Beispielname hier;Beispiel Verwendungszweck;Ausgang;Beispiel-IBAN hier;-36,15;;;
DD.MM.YY;DD.MM.YY;Gebucht;Beispielname hier;Beispielname hier;Beispiel Verwendungszweck;Ausgang;Beispiel-IBAN hier;-7,35;;;
DD.MM.YY;DD.MM.YY;Gebucht;Beispielname hier;Beispielname hier;Beispiel Verwendungszweck;Ausgang;Beispiel-IBAN hier;-10,2;;;
DD.MM.YY;DD.MM.YY;Gebucht;Beispielname hier;Beispielname hier;Beispiel Verwendungszweck;Ausgang;Beispiel-IBAN hier;-5,63;;;
DD.MM.YY;DD.MM.YY;Gebucht;Beispielname hier;Beispielname hier;Beispiel Verwendungszweck;Ausgang;Beispiel-IBAN hier;-4,18;;;
DD.MM.YY;DD.MM.YY;Gebucht;Beispielname hier;Beispielname hier;Beispiel Verwendungszweck;Ausgang;Beispiel-IBAN hier;-250;;;
DD.MM.YY;DD.MM.YY;Gebucht;Beispielname hier;Beispielname hier;Beispiel Verwendungszweck;Ausgang;Beispiel-IBAN hier;-17,78;;;
DD.MM.YY;DD.MM.YY;Gebucht;Beispielname hier;Beispielname hier;Beispiel Verwendungszweck;Ausgang;Beispiel-IBAN hier;-29,91;;;
DD.MM.YY;DD.MM.YY;Gebucht;Beispielname hier;Beispielname hier;Beispiel Verwendungszweck;Ausgang;Beispiel-IBAN hier;-8,98;;;
DD.MM.YY;DD.MM.YY;Gebucht;Beispielname hier;Beispielname hier;Beispiel Verwendungszweck;Ausgang;Beispiel-IBAN hier;-22,16;;;
DD.MM.YY;DD.MM.YY;Gebucht;Beispielname hier;Beispielname hier;Beispiel Verwendungszweck;Ausgang;Beispiel-IBAN hier;-2,99;;;
DD.MM.YY;DD.MM.YY;Gebucht;Beispielname hier;Beispielname hier;Beispiel Verwendungszweck;Ausgang;Beispiel-IBAN hier;-21,3;;;
DD.MM.YY;DD.MM.YY;Gebucht;Beispielname hier;Beispielname hier;Beispiel Verwendungszweck;Ausgang;Beispiel-IBAN hier;-250;;;
DD.MM.YY;DD.MM.YY;Gebucht;Beispielname hier;Beispielname hier;Beispiel Verwendungszweck;Ausgang;Beispiel-IBAN hier;-9,49;;;
DD.MM.YY;DD.MM.YY;Gebucht;Beispielname hier;Beispielname hier;Beispiel Verwendungszweck;Ausgang;Beispiel-IBAN hier;-7,32;;;
DD.MM.YY;DD.MM.YY;Gebucht;Beispielname hier;Beispielname hier;Beispiel Verwendungszweck;Ausgang;Beispiel-IBAN hier;-3,19;;;
DD.MM.YY;DD.MM.YY;Gebucht;Beispielname hier;Beispielname hier;Beispiel Verwendungszweck;Ausgang;Beispiel-IBAN hier;-47,98;;;
DD.MM.YY;DD.MM.YY;Gebucht;Beispielname hier;Beispielname hier;Beispiel Verwendungszweck;Ausgang;Beispiel-IBAN hier;-10,87;;;
DD.MM.YY;DD.MM.YY;Gebucht;Beispielname hier;Beispielname hier;Beispiel Verwendungszweck;Ausgang;Beispiel-IBAN hier;-13,85;;;
DD.MM.YY;DD.MM.YY;Gebucht;Beispielname hier;Beispielname hier;Beispiel Verwendungszweck;Ausgang;Beispiel-IBAN hier;-27,72;;;
DD.MM.YY;DD.MM.YY;Gebucht;Beispielname hier;Beispielname hier;Beispiel Verwendungszweck;Ausgang;Beispiel-IBAN hier;-3,55;;;
DD.MM.YY;DD.MM.YY;Gebucht;Beispielname hier;Beispielname hier;Beispiel Verwendungszweck;Ausgang;Beispiel-IBAN hier;-31,41;;;
DD.MM.YY;DD.MM.YY;Gebucht;Beispielname hier;Beispielname hier;Beispiel Verwendungszweck;Ausgang;Beispiel-IBAN hier;-26,85;;;
DD.MM.YY;DD.MM.YY;Gebucht;Beispielname hier;Beispielname hier;Beispiel Verwendungszweck;Ausgang;Beispiel-IBAN hier;-18,8;;;
DD.MM.YY;DD.MM.YY;Gebucht;Beispielname hier;Beispielname hier;Beispiel Verwendungszweck;Ausgang;Beispiel-IBAN hier;-5,45;;;
DD.MM.YY;DD.MM.YY;Gebucht;Beispielname hier;Beispielname hier;Beispiel Verwendungszweck;Ausgang;Beispiel-IBAN hier;-7,41;;;
DD.MM.YY;DD.MM.YY;Gebucht;Beispielname hier;Beispielname hier;Beispiel Verwendungszweck;Ausgang;Beispiel-IBAN hier;-8,63;;;
DD.MM.YY;DD.MM.YY;Gebucht;Beispielname hier;Beispielname hier;Beispiel Verwendungszweck;Ausgang;Beispiel-IBAN hier;-7,01;;;
DD.MM.YY;DD.MM.YY;Gebucht;Beispielname hier;Beispielname hier;Beispiel Verwendungszweck;Ausgang;Beispiel-IBAN hier;-26,61;;;
DD.MM.YY;DD.MM.YY;Gebucht;Beispielname hier;Beispielname hier;Beispiel Verwendungszweck;Ausgang;Beispiel-IBAN hier;-1.074;;;
DD.MM.YY;DD.MM.YY;Gebucht;Beispielname hier;Beispielname hier;Beispiel Verwendungszweck;Eingang;Beispiel-IBAN hier;0;;;
DD.MM.YY;DD.MM.YY;Gebucht;Beispielname hier;Beispielname hier;Beispiel Verwendungszweck;Ausgang;Beispiel-IBAN hier;-6,24;;;
DD.MM.YY;DD.MM.YY;Gebucht;Beispielname hier;Beispielname hier;Beispiel Verwendungszweck;Ausgang;Beispiel-IBAN hier;-10,36;;;
DD.MM.YY;DD.MM.YY;Gebucht;Beispielname hier;Beispielname hier;Beispiel Verwendungszweck;Ausgang;Beispiel-IBAN hier;-20,03;;;
DD.MM.YY;DD.MM.YY;Gebucht;Beispielname hier;Beispielname hier;Beispiel Verwendungszweck;Ausgang;Beispiel-IBAN hier;-71;;;
DD.MM.YY;DD.MM.YY;Gebucht;Beispielname hier;Beispielname hier;Beispiel Verwendungszweck;Ausgang;Beispiel-IBAN hier;-34,95;;;
DD.MM.YY;DD.MM.YY;Gebucht;Beispielname hier;Beispielname hier;Beispiel Verwendungszweck;Ausgang;Beispiel-IBAN hier;-49,94;;;
DD.MM.YY;DD.MM.YY;Gebucht;Beispielname hier;Beispielname hier;Beispiel Verwendungszweck;Ausgang;Beispiel-IBAN hier;-18,77;;;
DD.MM.YY;DD.MM.YY;Gebucht;Beispielname hier;Beispielname hier;Beispiel Verwendungszweck;Ausgang;Beispiel-IBAN hier;-9,51;;;
DD.MM.YY;DD.MM.YY;Gebucht;Beispielname hier;Beispielname hier;Beispiel Verwendungszweck;Ausgang;Beispiel-IBAN hier;-6,23;;;
DD.MM.YY;DD.MM.YY;Gebucht;Beispielname hier;Beispielname hier;Beispiel Verwendungszweck;Eingang;Beispiel-IBAN hier;3.010,2;;;
DD.MM.YY;DD.MM.YY;Gebucht;Beispielname hier;Beispielname hier;Beispiel Verwendungszweck;Ausgang;Beispiel-IBAN hier;-12,96;;;
DD.MM.YY;DD.MM.YY;Gebucht;Beispielname hier;Beispielname hier;Beispiel Verwendungszweck;Ausgang;Beispiel-IBAN hier;-28,98;;;
DD.MM.YY;DD.MM.YY;Gebucht;Beispielname hier;Beispielname hier;Beispiel Verwendungszweck;Ausgang;Beispiel-IBAN hier;-7,13;;;
DD.MM.YY;DD.MM.YY;Gebucht;Beispielname hier;Beispielname hier;Beispiel Verwendungszweck;Ausgang;Beispiel-IBAN hier;-34,31;;;
DD.MM.YY;DD.MM.YY;Gebucht;Beispielname hier;Beispielname hier;Beispiel Verwendungszweck;Ausgang;Beispiel-IBAN hier;-13,76;;;
DD.MM.YY;DD.MM.YY;Gebucht;Beispielname hier;Beispielname hier;Beispiel Verwendungszweck;Ausgang;Beispiel-IBAN hier;-25,98;;;
DD.MM.YY;DD.MM.YY;Gebucht;Beispielname hier;Beispielname hier;Beispiel Verwendungszweck;Ausgang;Beispiel-IBAN hier;-1,15;;;
DD.MM.YY;DD.MM.YY;Gebucht;Beispielname hier;Beispielname hier;Beispiel Verwendungszweck;Ausgang;Beispiel-IBAN hier;-26,87;;;
DD.MM.YY;DD.MM.YY;Gebucht;Beispielname hier;Beispielname hier;Beispiel Verwendungszweck;Ausgang;Beispiel-IBAN hier;-7,67;;;
DD.MM.YY;DD.MM.YY;Gebucht;Beispielname hier;Beispielname hier;Beispiel Verwendungszweck;Ausgang;Beispiel-IBAN hier;-5,28;;;
DD.MM.YY;DD.MM.YY;Gebucht;Beispielname hier;Beispielname hier;Beispiel Verwendungszweck;Ausgang;Beispiel-IBAN hier;-4,84;;;
DD.MM.YY;DD.MM.YY;Gebucht;Beispielname hier;Beispielname hier;Beispiel Verwendungszweck;Ausgang;Beispiel-IBAN hier;-18,73;;;
DD.MM.YY;DD.MM.YY;Gebucht;Beispielname hier;Beispielname hier;Beispiel Verwendungszweck;Ausgang;Beispiel-IBAN hier;-7,43;;;
DD.MM.YY;DD.MM.YY;Gebucht;Beispielname hier;Beispielname hier;Beispiel Verwendungszweck;Ausgang;Beispiel-IBAN hier;-5;;;
DD.MM.YY;DD.MM.YY;Gebucht;Beispielname hier;Beispielname hier;Beispiel Verwendungszweck;Ausgang;Beispiel-IBAN hier;-50;;;
DD.MM.YY;DD.MM.YY;Gebucht;Beispielname hier;Beispielname hier;Beispiel Verwendungszweck;Ausgang;Beispiel-IBAN hier;-1;;;
DD.MM.YY;DD.MM.YY;Gebucht;Beispielname hier;Beispielname hier;Beispiel Verwendungszweck;Ausgang;Beispiel-IBAN hier;-5,82;;;
DD.MM.YY;DD.MM.YY;Gebucht;Beispielname hier;Beispielname hier;Beispiel Verwendungszweck;Ausgang;Beispiel-IBAN hier;-38,97;;;
DD.MM.YY;DD.MM.YY;Gebucht;Beispielname hier;Beispielname hier;Beispiel Verwendungszweck;Ausgang;Beispiel-IBAN hier;-5,63;;;
DD.MM.YY;DD.MM.YY;Gebucht;Beispielname hier;Beispielname hier;Beispiel Verwendungszweck;Ausgang;Beispiel-IBAN hier;-16,98;;;
DD.MM.YY;DD.MM.YY;Gebucht;Beispielname hier;Beispielname hier;Beispiel Verwendungszweck;Ausgang;Beispiel-IBAN hier;-17,78;;;
DD.MM.YY;DD.MM.YY;Gebucht;Beispielname hier;Beispielname hier;Beispiel Verwendungszweck;Ausgang;Beispiel-IBAN hier;-1,1;;;
DD.MM.YY;DD.MM.YY;Gebucht;Beispielname hier;Beispielname hier;Beispiel Verwendungszweck;Ausgang;Beispiel-IBAN hier;-55,08;;;
DD.MM.YY;DD.MM.YY;Gebucht;Beispielname hier;Beispielname hier;Beispiel Verwendungszweck;Ausgang;Beispiel-IBAN hier;-5,63;;;
DD.MM.YY;DD.MM.YY;Gebucht;Beispielname hier;Beispielname hier;Beispiel Verwendungszweck;Eingang;Beispiel-IBAN hier;40;;;
DD.MM.YY;DD.MM.YY;Gebucht;Beispielname hier;Beispielname hier;Beispiel Verwendungszweck;Ausgang;Beispiel-IBAN hier;-7,57;;;
DD.MM.YY;DD.MM.YY;Gebucht;Beispielname hier;Beispielname hier;Beispiel Verwendungszweck;Ausgang;Beispiel-IBAN hier;-23,95;;;
DD.MM.YY;DD.MM.YY;Gebucht;Beispielname hier;Beispielname hier;Beispiel Verwendungszweck;Ausgang;Beispiel-IBAN hier;-4,46;;;
DD.MM.YY;DD.MM.YY;Gebucht;Beispielname hier;Beispielname hier;Beispiel Verwendungszweck;Ausgang;Beispiel-IBAN hier;-5,13;;;
DD.MM.YY;DD.MM.YY;Gebucht;Beispielname hier;Beispielname hier;Beispiel Verwendungszweck;Ausgang;Beispiel-IBAN hier;-250;;;
DD.MM.YY;DD.MM.YY;Gebucht;Beispielname hier;Beispielname hier;Beispiel Verwendungszweck;Ausgang;Beispiel-IBAN hier;-104,94;;;
DD.MM.YY;DD.MM.YY;Gebucht;Beispielname hier;Beispielname hier;Beispiel Verwendungszweck;Ausgang;Beispiel-IBAN hier;-15,39;;;
DD.MM.YY;DD.MM.YY;Gebucht;Beispielname hier;Beispielname hier;Beispiel Verwendungszweck;Ausgang;Beispiel-IBAN hier;-10;;;
DD.MM.YY;DD.MM.YY;Gebucht;Beispielname hier;Beispielname hier;Beispiel Verwendungszweck;Ausgang;Beispiel-IBAN hier;-33,76;;;
DD.MM.YY;DD.MM.YY;Gebucht;Beispielname hier;Beispielname hier;Beispiel Verwendungszweck;Ausgang;Beispiel-IBAN hier;-9,12;;;
DD.MM.YY;DD.MM.YY;Gebucht;Beispielname hier;Beispielname hier;Beispiel Verwendungszweck;Ausgang;Beispiel-IBAN hier;-2,63;;;
DD.MM.YY;DD.MM.YY;Gebucht;Beispielname hier;Beispielname hier;Beispiel Verwendungszweck;Ausgang;Beispiel-IBAN hier;-1,09;;;
DD.MM.YY;DD.MM.YY;Gebucht;Beispielname hier;Beispielname hier;Beispiel Verwendungszweck;Ausgang;Beispiel-IBAN hier;-1,27;;;
DD.MM.YY;DD.MM.YY;Gebucht;Beispielname hier;Beispielname hier;Beispiel Verwendungszweck;Ausgang;Beispiel-IBAN hier;-61,66;;;
DD.MM.YY;DD.MM.YY;Gebucht;Beispielname hier;Beispielname hier;Beispiel Verwendungszweck;Ausgang;Beispiel-IBAN hier;-5,19;;;
DD.MM.YY;DD.MM.YY;Gebucht;Beispielname hier;Beispielname hier;Beispiel Verwendungszweck;Ausgang;Beispiel-IBAN hier;-7,72;;;
DD.MM.YY;DD.MM.YY;Gebucht;Beispielname hier;Beispielname hier;Beispiel Verwendungszweck;Ausgang;Beispiel-IBAN hier;-5;;;
DD.MM.YY;DD.MM.YY;Gebucht;Beispielname hier;Beispielname hier;Beispiel Verwendungszweck;Ausgang;Beispiel-IBAN hier;-26,34;;;
DD.MM.YY;DD.MM.YY;Gebucht;Beispielname hier;Beispielname hier;Beispiel Verwendungszweck;Ausgang;Beispiel-IBAN hier;-17,5;;;
DD.MM.YY;DD.MM.YY;Gebucht;Beispielname hier;Beispielname hier;Beispiel Verwendungszweck;Ausgang;Beispiel-IBAN hier;-5,09;;;
DD.MM.YY;DD.MM.YY;Gebucht;Beispielname hier;Beispielname hier;Beispiel Verwendungszweck;Ausgang;Beispiel-IBAN hier;-5;;;
DD.MM.YY;DD.MM.YY;Gebucht;Beispielname hier;Beispielname hier;Beispiel Verwendungszweck;Ausgang;Beispiel-IBAN hier;-6,12;;;
DD.MM.YY;DD.MM.YY;Gebucht;Beispielname hier;Beispielname hier;Beispiel Verwendungszweck;Ausgang;Beispiel-IBAN hier;-49,91;;;
DD.MM.YY;DD.MM.YY;Gebucht;Beispielname hier;Beispielname hier;Beispiel Verwendungszweck;Ausgang;Beispiel-IBAN hier;-18,12;;;
DD.MM.YY;DD.MM.YY;Gebucht;Beispielname hier;Beispielname hier;Beispiel Verwendungszweck;Ausgang;Beispiel-IBAN hier;-26,61;;;
DD.MM.YY;DD.MM.YY;Gebucht;Beispielname hier;Beispielname hier;Beispiel Verwendungszweck;Ausgang;Beispiel-IBAN hier;-1.074;;;
DD.MM.YY;DD.MM.YY;Gebucht;Beispielname hier;Beispielname hier;Beispiel Verwendungszweck;Ausgang;Beispiel-IBAN hier;-5,91;;;
DD.MM.YY;DD.MM.YY;Gebucht;Beispielname hier;Beispielname hier;Beispiel Verwendungszweck;Ausgang;Beispiel-IBAN hier;-5,58;;;
DD.MM.YY;DD.MM.YY;Gebucht;Beispielname hier;Beispielname hier;Beispiel Verwendungszweck;Ausgang;Beispiel-IBAN hier;-49,94;;;
DD.MM.YY;DD.MM.YY;Gebucht;Beispielname hier;Beispielname hier;Beispiel Verwendungszweck;Ausgang;Beispiel-IBAN hier;-19,47;;;
DD.MM.YY;DD.MM.YY;Gebucht;Beispielname hier;Beispielname hier;Beispiel Verwendungszweck;Ausgang;Beispiel-IBAN hier;-8,37;;;
DD.MM.YY;DD.MM.YY;Gebucht;Beispielname hier;Beispielname hier;Beispiel Verwendungszweck;Ausgang;Beispiel-IBAN hier;-34,95;;;
DD.MM.YY;DD.MM.YY;Gebucht;Beispielname hier;Beispielname hier;Beispiel Verwendungszweck;Ausgang;Beispiel-IBAN hier;-8,13;;;
DD.MM.YY;DD.MM.YY;Gebucht;Beispielname hier;Beispielname hier;Beispiel Verwendungszweck;Ausgang;Beispiel-IBAN hier;-3,76;;;
DD.MM.YY;DD.MM.YY;Gebucht;Beispielname hier;Beispielname hier;Beispiel Verwendungszweck;Ausgang;Beispiel-IBAN hier;-337,07;;;
DD.MM.YY;DD.MM.YY;Gebucht;Beispielname hier;Beispielname hier;Beispiel Verwendungszweck;Eingang;Beispiel-IBAN hier;2.676,43;;;
DD.MM.YY;DD.MM.YY;Gebucht;Beispielname hier;Beispielname hier;Beispiel Verwendungszweck;Ausgang;Beispiel-IBAN hier;-40,78;;;
DD.MM.YY;DD.MM.YY;Gebucht;Beispielname hier;Beispielname hier;Beispiel Verwendungszweck;Ausgang;Beispiel-IBAN hier;-20;;;
DD.MM.YY;DD.MM.YY;Gebucht;Beispielname hier;Beispielname hier;Beispiel Verwendungszweck;Ausgang;Beispiel-IBAN hier;-4,34;;;
DD.MM.YY;DD.MM.YY;Gebucht;Beispielname hier;Beispielname hier;Beispiel Verwendungszweck;Ausgang;Beispiel-IBAN hier;-33,11;;;
DD.MM.YY;DD.MM.YY;Gebucht;Beispielname hier;Beispielname hier;Beispiel Verwendungszweck;Ausgang;Beispiel-IBAN hier;-19,86;;;
DD.MM.YY;DD.MM.YY;Gebucht;Beispielname hier;Beispielname hier;Beispiel Verwendungszweck;Ausgang;Beispiel-IBAN hier;-9,65;;;
DD.MM.YY;DD.MM.YY;Gebucht;Beispielname hier;Beispielname hier;Beispiel Verwendungszweck;Ausgang;Beispiel-IBAN hier;-22,77;;;
DD.MM.YY;DD.MM.YY;Gebucht;Beispielname hier;Beispielname hier;Beispiel Verwendungszweck;Eingang;Beispiel-IBAN hier;34,35;;;
DD.MM.YY;DD.MM.YY;Gebucht;Beispielname hier;Beispielname hier;Beispiel Verwendungszweck;Ausgang;Beispiel-IBAN hier;-15,03;;;
DD.MM.YY;DD.MM.YY;Gebucht;Beispielname hier;Beispielname hier;Beispiel Verwendungszweck;Ausgang;Beispiel-IBAN hier;-36,82;;;
DD.MM.YY;DD.MM.YY;Gebucht;Beispielname hier;Beispielname hier;Beispiel Verwendungszweck;Ausgang;Beispiel-IBAN hier;-105;;;
DD.MM.YY;DD.MM.YY;Gebucht;Beispielname hier;Beispielname hier;Beispiel Verwendungszweck;Ausgang;Beispiel-IBAN hier;-50;;;
DD.MM.YY;DD.MM.YY;Gebucht;Beispielname hier;Beispielname hier;Beispiel Verwendungszweck;Ausgang;Beispiel-IBAN hier;-0,81;;;
DD.MM.YY;DD.MM.YY;Gebucht;Beispielname hier;Beispielname hier;Beispiel Verwendungszweck;Ausgang;Beispiel-IBAN hier;-52,61;;;
DD.MM.YY;DD.MM.YY;Gebucht;Beispielname hier;Beispielname hier;Beispiel Verwendungszweck;Ausgang;Beispiel-IBAN hier;-12,49;;;
DD.MM.YY;DD.MM.YY;Gebucht;Beispielname hier;Beispielname hier;Beispiel Verwendungszweck;Ausgang;Beispiel-IBAN hier;-10;;;
DD.MM.YY;DD.MM.YY;Gebucht;Beispielname hier;Beispielname hier;Beispiel Verwendungszweck;Eingang;Beispiel-IBAN hier;25;;;
DD.MM.YY;DD.MM.YY;Gebucht;Beispielname hier;Beispielname hier;Beispiel Verwendungszweck;Ausgang;Beispiel-IBAN hier;-1;;;
DD.MM.YY;DD.MM.YY;Gebucht;Beispielname hier;Beispielname hier;Beispiel Verwendungszweck;Ausgang;Beispiel-IBAN hier;-1;;;
DD.MM.YY;DD.MM.YY;Gebucht;Beispielname hier;Beispielname hier;Beispiel Verwendungszweck;Ausgang;Beispiel-IBAN hier;-60;;;
DD.MM.YY;DD.MM.YY;Gebucht;Beispielname hier;Beispielname hier;Beispiel Verwendungszweck;Ausgang;Beispiel-IBAN hier;-3;;;
DD.MM.YY;DD.MM.YY;Gebucht;Beispielname hier;Beispielname hier;Beispiel Verwendungszweck;Ausgang;Beispiel-IBAN hier;-19,04;;;
DD.MM.YY;DD.MM.YY;Gebucht;Beispielname hier;Beispielname hier;Beispiel Verwendungszweck;Ausgang;Beispiel-IBAN hier;-8,48;;;
DD.MM.YY;DD.MM.YY;Gebucht;Beispielname hier;Beispielname hier;Beispiel Verwendungszweck;Ausgang;Beispiel-IBAN hier;-7,34;;;
DD.MM.YY;DD.MM.YY;Gebucht;Beispielname hier;Beispielname hier;Beispiel Verwendungszweck;Ausgang;Beispiel-IBAN hier;-37,81;;;
DD.MM.YY;DD.MM.YY;Gebucht;Beispielname hier;Beispielname hier;Beispiel Verwendungszweck;Ausgang;Beispiel-IBAN hier;-2;;;
DD.MM.YY;DD.MM.YY;Gebucht;Beispielname hier;Beispielname hier;Beispiel Verwendungszweck;Ausgang;Beispiel-IBAN hier;-13,45;;;
DD.MM.YY;DD.MM.YY;Gebucht;Beispielname hier;Beispielname hier;Beispiel Verwendungszweck;Ausgang;Beispiel-IBAN hier;-10;;;
DD.MM.YY;DD.MM.YY;Gebucht;Beispielname hier;Beispielname hier;Beispiel Verwendungszweck;Ausgang;Beispiel-IBAN hier;-37,45;;;
DD.MM.YY;DD.MM.YY;Gebucht;Beispielname hier;Beispielname hier;Beispiel Verwendungszweck;Ausgang;Beispiel-IBAN hier;-30,46;;;
DD.MM.YY;DD.MM.YY;Gebucht;Beispielname hier;Beispielname hier;Beispiel Verwendungszweck;Ausgang;Beispiel-IBAN hier;-9,81;;;
DD.MM.YY;DD.MM.YY;Gebucht;Beispielname hier;Beispielname hier;Beispiel Verwendungszweck;Ausgang;Beispiel-IBAN hier;-4,48;;;
DD.MM.YY;DD.MM.YY;Gebucht;Beispielname hier;Beispielname hier;Beispiel Verwendungszweck;Ausgang;Beispiel-IBAN hier;-12,7;;;
DD.MM.YY;DD.MM.YY;Gebucht;Beispielname hier;Beispielname hier;Beispiel Verwendungszweck;Ausgang;Beispiel-IBAN hier;-29,41;;;
DD.MM.YY;DD.MM.YY;Gebucht;Beispielname hier;Beispielname hier;Beispiel Verwendungszweck;Ausgang;Beispiel-IBAN hier;-3,55;;;
DD.MM.YY;DD.MM.YY;Gebucht;Beispielname hier;Beispielname hier;Beispiel Verwendungszweck;Ausgang;Beispiel-IBAN hier;-45,78;;;
DD.MM.YY;DD.MM.YY;Gebucht;Beispielname hier;Beispielname hier;Beispiel Verwendungszweck;Ausgang;Beispiel-IBAN hier;-250;;;
DD.MM.YY;DD.MM.YY;Gebucht;Beispielname hier;Beispielname hier;Beispiel Verwendungszweck;Ausgang;Beispiel-IBAN hier;-9,32;;;
DD.MM.YY;DD.MM.YY;Gebucht;Beispielname hier;Beispielname hier;Beispiel Verwendungszweck;Ausgang;Beispiel-IBAN hier;-5,77;;;
DD.MM.YY;DD.MM.YY;Gebucht;Beispielname hier;Beispielname hier;Beispiel Verwendungszweck;Ausgang;Beispiel-IBAN hier;-22,04;;;
DD.MM.YY;DD.MM.YY;Gebucht;Beispielname hier;Beispielname hier;Beispiel Verwendungszweck;Ausgang;Beispiel-IBAN hier;-14,09;;;
DD.MM.YY;DD.MM.YY;Gebucht;Beispielname hier;Beispielname hier;Beispiel Verwendungszweck;Ausgang;Beispiel-IBAN hier;-23,44;;;
DD.MM.YY;DD.MM.YY;Gebucht;Beispielname hier;Beispielname hier;Beispiel Verwendungszweck;Ausgang;Beispiel-IBAN hier;-31,46;;;
DD.MM.YY;DD.MM.YY;Gebucht;Beispielname hier;Beispielname hier;Beispiel Verwendungszweck;Ausgang;Beispiel-IBAN hier;-32,41;;;
DD.MM.YY;DD.MM.YY;Gebucht;Beispielname hier;Beispielname hier;Beispiel Verwendungszweck;Ausgang;Beispiel-IBAN hier;-3,55;;;
DD.MM.YY;DD.MM.YY;Gebucht;Beispielname hier;Beispielname hier;Beispiel Verwendungszweck;Ausgang;Beispiel-IBAN hier;-50;;;
DD.MM.YY;DD.MM.YY;Gebucht;Beispielname hier;Beispielname hier;Beispiel Verwendungszweck;Ausgang;Beispiel-IBAN hier;-19,33;;;
DD.MM.YY;DD.MM.YY;Gebucht;Beispielname hier;Beispielname hier;Beispiel Verwendungszweck;Ausgang;Beispiel-IBAN hier;-1.074;;;
DD.MM.YY;DD.MM.YY;Gebucht;Beispielname hier;Beispielname hier;Beispiel Verwendungszweck;Ausgang;Beispiel-IBAN hier;-26,61;;;
DD.MM.YY;DD.MM.YY;Gebucht;Beispielname hier;Beispielname hier;Beispiel Verwendungszweck;Ausgang;Beispiel-IBAN hier;-26,78;;;
DD.MM.YY;DD.MM.YY;Gebucht;Beispielname hier;Beispielname hier;Beispiel Verwendungszweck;Ausgang;Beispiel-IBAN hier;-3,65;;;
DD.MM.YY;DD.MM.YY;Gebucht;Beispielname hier;Beispielname hier;Beispiel Verwendungszweck;Ausgang;Beispiel-IBAN hier;-13,74;;;
DD.MM.YY;DD.MM.YY;Gebucht;Beispielname hier;Beispielname hier;Beispiel Verwendungszweck;Ausgang;Beispiel-IBAN hier;-49,94;;;
DD.MM.YY;DD.MM.YY;Gebucht;Beispielname hier;Beispielname hier;Beispiel Verwendungszweck;Ausgang;Beispiel-IBAN hier;-12,35;;;
DD.MM.YY;DD.MM.YY;Gebucht;Beispielname hier;Beispielname hier;Beispiel Verwendungszweck;Ausgang;Beispiel-IBAN hier;-7,9;;;
DD.MM.YY;DD.MM.YY;Gebucht;Beispielname hier;Beispielname hier;Beispiel Verwendungszweck;Ausgang;Beispiel-IBAN hier;-5;;;
DD.MM.YY;DD.MM.YY;Gebucht;Beispielname hier;Beispielname hier;Beispiel Verwendungszweck;Ausgang;Beispiel-IBAN hier;-18,45;;;
DD.MM.YY;DD.MM.YY;Gebucht;Beispielname hier;Beispielname hier;Beispiel Verwendungszweck;Ausgang;Beispiel-IBAN hier;-1,25;;;
DD.MM.YY;DD.MM.YY;Gebucht;Beispielname hier;Beispielname hier;Beispiel Verwendungszweck;Ausgang;Beispiel-IBAN hier;-26,47;;;
DD.MM.YY;DD.MM.YY;Gebucht;Beispielname hier;Beispielname hier;Beispiel Verwendungszweck;Ausgang;Beispiel-IBAN hier;-5,75;;;
DD.MM.YY;DD.MM.YY;Gebucht;Beispielname hier;Beispielname hier;Beispiel Verwendungszweck;Ausgang;Beispiel-IBAN hier;-6,56;;;
DD.MM.YY;DD.MM.YY;Gebucht;Beispielname hier;Beispielname hier;Beispiel Verwendungszweck;Ausgang;Beispiel-IBAN hier;-62,87;;;
DD.MM.YY;DD.MM.YY;Gebucht;Beispielname hier;Beispielname hier;Beispiel Verwendungszweck;Ausgang;Beispiel-IBAN hier;-34,95;;;
DD.MM.YY;DD.MM.YY;Gebucht;Beispielname hier;Beispielname hier;Beispiel Verwendungszweck;Ausgang;Beispiel-IBAN hier;-60;;;
DD.MM.YY;DD.MM.YY;Gebucht;Beispielname hier;Beispielname hier;Beispiel Verwendungszweck;Eingang;Beispiel-IBAN hier;2.676,43;;;
DD.MM.YY;DD.MM.YY;Gebucht;Beispielname hier;Beispielname hier;Beispiel Verwendungszweck;Ausgang;Beispiel-IBAN hier;-34,99;;;
DD.MM.YY;DD.MM.YY;Gebucht;Beispielname hier;Beispielname hier;Beispiel Verwendungszweck;Ausgang;Beispiel-IBAN hier;-20,88;;;
DD.MM.YY;DD.MM.YY;Gebucht;Beispielname hier;Beispielname hier;Beispiel Verwendungszweck;Ausgang;Beispiel-IBAN hier;-7,36;;;
DD.MM.YY;DD.MM.YY;Gebucht;Beispielname hier;Beispielname hier;Beispiel Verwendungszweck;Ausgang;Beispiel-IBAN hier;-25,04;;;
DD.MM.YY;DD.MM.YY;Gebucht;Beispielname hier;Beispielname hier;Beispiel Verwendungszweck;Ausgang;Beispiel-IBAN hier;-27,76;;;
DD.MM.YY;DD.MM.YY;Gebucht;Beispielname hier;Beispielname hier;Beispiel Verwendungszweck;Ausgang;Beispiel-IBAN hier;-25,62;;;
DD.MM.YY;DD.MM.YY;Gebucht;Beispielname hier;Beispielname hier;Beispiel Verwendungszweck;Ausgang;Beispiel-IBAN hier;-29,49;;;
DD.MM.YY;DD.MM.YY;Gebucht;Beispielname hier;Beispielname hier;Beispiel Verwendungszweck;Ausgang;Beispiel-IBAN hier;-7,18;;;
DD.MM.YY;DD.MM.YY;Gebucht;Beispielname hier;Beispielname hier;Beispiel Verwendungszweck;Ausgang;Beispiel-IBAN hier;-35,48;;;
DD.MM.YY;DD.MM.YY;Gebucht;Beispielname hier;Beispielname hier;Beispiel Verwendungszweck;Ausgang;Beispiel-IBAN hier;-5,24;;;
DD.MM.YY;DD.MM.YY;Gebucht;Beispielname hier;Beispielname hier;Beispiel Verwendungszweck;Ausgang;Beispiel-IBAN hier;-11,96;;;
DD.MM.YY;DD.MM.YY;Gebucht;Beispielname hier;Beispielname hier;Beispiel Verwendungszweck;Ausgang;Beispiel-IBAN hier;-26,42;;;
DD.MM.YY;DD.MM.YY;Gebucht;Beispielname hier;Beispielname hier;Beispiel Verwendungszweck;Ausgang;Beispiel-IBAN hier;-9,22;;;
DD.MM.YY;DD.MM.YY;Gebucht;Beispielname hier;Beispielname hier;Beispiel Verwendungszweck;Ausgang;Beispiel-IBAN hier;-23,02;;;
DD.MM.YY;DD.MM.YY;Gebucht;Beispielname hier;Beispielname hier;Beispiel Verwendungszweck;Ausgang;Beispiel-IBAN hier;-13,62;;;
DD.MM.YY;DD.MM.YY;Gebucht;Beispielname hier;Beispielname hier;Beispiel Verwendungszweck;Ausgang;Beispiel-IBAN hier;-19,99;;;
DD.MM.YY;DD.MM.YY;Gebucht;Beispielname hier;Beispielname hier;Beispiel Verwendungszweck;Ausgang;Beispiel-IBAN hier;-3,55;;;
DD.MM.YY;DD.MM.YY;Gebucht;Beispielname hier;Beispielname hier;Beispiel Verwendungszweck;Ausgang;Beispiel-IBAN hier;-6,67;;;
DD.MM.YY;DD.MM.YY;Gebucht;Beispielname hier;Beispielname hier;Beispiel Verwendungszweck;Ausgang;Beispiel-IBAN hier;-29,86;;;
DD.MM.YY;DD.MM.YY;Gebucht;Beispielname hier;Beispielname hier;Beispiel Verwendungszweck;Ausgang;Beispiel-IBAN hier;-4,8;;;
DD.MM.YY;DD.MM.YY;Gebucht;Beispielname hier;Beispielname hier;Beispiel Verwendungszweck;Ausgang;Beispiel-IBAN hier;-12;;;
DD.MM.YY;DD.MM.YY;Gebucht;Beispielname hier;Beispielname hier;Beispiel Verwendungszweck;Ausgang;Beispiel-IBAN hier;-50,91;;;
DD.MM.YY;DD.MM.YY;Gebucht;Beispielname hier;Beispielname hier;Beispiel Verwendungszweck;Ausgang;Beispiel-IBAN hier;-18,45;;;
DD.MM.YY;DD.MM.YY;Gebucht;Beispielname hier;Beispielname hier;Beispiel Verwendungszweck;Ausgang;Beispiel-IBAN hier;-22,97;;;
DD.MM.YY;DD.MM.YY;Gebucht;Beispielname hier;Beispielname hier;Beispiel Verwendungszweck;Ausgang;Beispiel-IBAN hier;-6,37;;;
DD.MM.YY;DD.MM.YY;Gebucht;Beispielname hier;Beispielname hier;Beispiel Verwendungszweck;Ausgang;Beispiel-IBAN hier;-5;;;
DD.MM.YY;DD.MM.YY;Gebucht;Beispielname hier;Beispielname hier;Beispiel Verwendungszweck;Ausgang;Beispiel-IBAN hier;-13,25;;;
DD.MM.YY;DD.MM.YY;Gebucht;Beispielname hier;Beispielname hier;Beispiel Verwendungszweck;Ausgang;Beispiel-IBAN hier;-5,77;;;
DD.MM.YY;DD.MM.YY;Gebucht;Beispielname hier;Beispielname hier;Beispiel Verwendungszweck;Ausgang;Beispiel-IBAN hier;-49,97;;;
DD.MM.YY;DD.MM.YY;Gebucht;Beispielname hier;Beispielname hier;Beispiel Verwendungszweck;Ausgang;Beispiel-IBAN hier;-250;;;
DD.MM.YY;DD.MM.YY;Gebucht;Beispielname hier;Beispielname hier;Beispiel Verwendungszweck;Ausgang;Beispiel-IBAN hier;-2,56;;;
DD.MM.YY;DD.MM.YY;Gebucht;Beispielname hier;Beispielname hier;Beispiel Verwendungszweck;Ausgang;Beispiel-IBAN hier;-4;;;
DD.MM.YY;DD.MM.YY;Gebucht;Beispielname hier;Beispielname hier;Beispiel Verwendungszweck;Ausgang;Beispiel-IBAN hier;-4;;;
DD.MM.YY;DD.MM.YY;Gebucht;Beispielname hier;Beispielname hier;Beispiel Verwendungszweck;Ausgang;Beispiel-IBAN hier;-7,08;;;
DD.MM.YY;DD.MM.YY;Gebucht;Beispielname hier;Beispielname hier;Beispiel Verwendungszweck;Ausgang;Beispiel-IBAN hier;-19,45;;;
DD.MM.YY;DD.MM.YY;Gebucht;Beispielname hier;Beispielname hier;Beispiel Verwendungszweck;Ausgang;Beispiel-IBAN hier;-19,34;;;
DD.MM.YY;DD.MM.YY;Gebucht;Beispielname hier;Beispielname hier;Beispiel Verwendungszweck;Ausgang;Beispiel-IBAN hier;-24,24;;;
DD.MM.YY;DD.MM.YY;Gebucht;Beispielname hier;Beispielname hier;Beispiel Verwendungszweck;Ausgang;Beispiel-IBAN hier;-5,4;;;
DD.MM.YY;DD.MM.YY;Gebucht;Beispielname hier;Beispielname hier;Beispiel Verwendungszweck;Ausgang;Beispiel-IBAN hier;-40,97;;;
DD.MM.YY;DD.MM.YY;Gebucht;Beispielname hier;Beispielname hier;Beispiel Verwendungszweck;Ausgang;Beispiel-IBAN hier;-1,6;;;
DD.MM.YY;DD.MM.YY;Gebucht;Beispielname hier;Beispielname hier;Beispiel Verwendungszweck;Ausgang;Beispiel-IBAN hier;-8,86;;;
DD.MM.YY;DD.MM.YY;Gebucht;Beispielname hier;Beispielname hier;Beispiel Verwendungszweck;Ausgang;Beispiel-IBAN hier;-0,21;;;
DD.MM.YY;DD.MM.YY;Gebucht;Beispielname hier;Beispielname hier;Beispiel Verwendungszweck;Ausgang;Beispiel-IBAN hier;-6,27;;;
DD.MM.YY;DD.MM.YY;Gebucht;Beispielname hier;Beispielname hier;Beispiel Verwendungszweck;Ausgang;Beispiel-IBAN hier;-9,67;;;
DD.MM.YY;DD.MM.YY;Gebucht;Beispielname hier;Beispielname hier;Beispiel Verwendungszweck;Ausgang;Beispiel-IBAN hier;-18,45;;;
DD.MM.YY;DD.MM.YY;Gebucht;Beispielname hier;Beispielname hier;Beispiel Verwendungszweck;Ausgang;Beispiel-IBAN hier;-11,87;;;
DD.MM.YY;DD.MM.YY;Gebucht;Beispielname hier;Beispielname hier;Beispiel Verwendungszweck;Ausgang;Beispiel-IBAN hier;-8,16;;;
DD.MM.YY;DD.MM.YY;Gebucht;Beispielname hier;Beispielname hier;Beispiel Verwendungszweck;Ausgang;Beispiel-IBAN hier;-26,61;;;
DD.MM.YY;DD.MM.YY;Gebucht;Beispielname hier;Beispielname hier;Beispiel Verwendungszweck;Ausgang;Beispiel-IBAN hier;-1.074;;;
DD.MM.YY;DD.MM.YY;Gebucht;Beispielname hier;Beispielname hier;Beispiel Verwendungszweck;Eingang;Beispiel-IBAN hier;0;;;
DD.MM.YY;DD.MM.YY;Gebucht;Beispielname hier;Beispielname hier;Beispiel Verwendungszweck;Ausgang;Beispiel-IBAN hier;-10,8;;;
DD.MM.YY;DD.MM.YY;Gebucht;Beispielname hier;Beispielname hier;Beispiel Verwendungszweck;Eingang;Beispiel-IBAN hier;100;;;
DD.MM.YY;DD.MM.YY;Gebucht;Beispielname hier;Beispielname hier;Beispiel Verwendungszweck;Eingang;Beispiel-IBAN hier;100;;;
DD.MM.YY;DD.MM.YY;Gebucht;Beispielname hier;Beispielname hier;Beispiel Verwendungszweck;Ausgang;Beispiel-IBAN hier;-2,6;;;
DD.MM.YY;DD.MM.YY;Gebucht;Beispielname hier;Beispielname hier;Beispiel Verwendungszweck;Ausgang;Beispiel-IBAN hier;-13,52;;;
DD.MM.YY;DD.MM.YY;Gebucht;Beispielname hier;Beispielname hier;Beispiel Verwendungszweck;Ausgang;Beispiel-IBAN hier;-54,99;;;
DD.MM.YY;DD.MM.YY;Gebucht;Beispielname hier;Beispielname hier;Beispiel Verwendungszweck;Ausgang;Beispiel-IBAN hier;-34,95;;;
DD.MM.YY;DD.MM.YY;Gebucht;Beispielname hier;Beispielname hier;Beispiel Verwendungszweck;Ausgang;Beispiel-IBAN hier;-60;;;
DD.MM.YY;DD.MM.YY;Gebucht;Beispielname hier;Beispielname hier;Beispiel Verwendungszweck;Ausgang;Beispiel-IBAN hier;-2,1;;;
DD.MM.YY;DD.MM.YY;Gebucht;Beispielname hier;Beispielname hier;Beispiel Verwendungszweck;Ausgang;Beispiel-IBAN hier;-26,51;;;
DD.MM.YY;DD.MM.YY;Gebucht;Beispielname hier;Beispielname hier;Beispiel Verwendungszweck;Ausgang;Beispiel-IBAN hier;-5,99;;;
DD.MM.YY;DD.MM.YY;Gebucht;Beispielname hier;Beispielname hier;Beispiel Verwendungszweck;Ausgang;Beispiel-IBAN hier;-49,94;;;
DD.MM.YY;DD.MM.YY;Gebucht;Beispielname hier;Beispielname hier;Beispiel Verwendungszweck;Ausgang;Beispiel-IBAN hier;-3,49;;;
DD.MM.YY;DD.MM.YY;Gebucht;Beispielname hier;Beispielname hier;Beispiel Verwendungszweck;Ausgang;Beispiel-IBAN hier;-4,78;;;
DD.MM.YY;DD.MM.YY;Gebucht;Beispielname hier;Beispielname hier;Beispiel Verwendungszweck;Eingang;Beispiel-IBAN hier;2.676,43;;;
DD.MM.YY;DD.MM.YY;Gebucht;Beispielname hier;Beispielname hier;Beispiel Verwendungszweck;Ausgang;Beispiel-IBAN hier;-31;;;
DD.MM.YY;DD.MM.YY;Gebucht;Beispielname hier;Beispielname hier;Beispiel Verwendungszweck;Ausgang;Beispiel-IBAN hier;-57,07;;;
DD.MM.YY;DD.MM.YY;Gebucht;Beispielname hier;Beispielname hier;Beispiel Verwendungszweck;Ausgang;Beispiel-IBAN hier;-9,9;;;
DD.MM.YY;DD.MM.YY;Gebucht;Beispielname hier;Beispielname hier;Beispiel Verwendungszweck;Ausgang;Beispiel-IBAN hier;-1,34;;;
DD.MM.YY;DD.MM.YY;Gebucht;Beispielname hier;Beispielname hier;Beispiel Verwendungszweck;Ausgang;Beispiel-IBAN hier;-14,28;;;
DD.MM.YY;DD.MM.YY;Gebucht;Beispielname hier;Beispielname hier;Beispiel Verwendungszweck;Ausgang;Beispiel-IBAN hier;-412,6;;;
DD.MM.YY;DD.MM.YY;Gebucht;Beispielname hier;Beispielname hier;Beispiel Verwendungszweck;Eingang;Beispiel-IBAN hier;150;;;
DD.MM.YY;DD.MM.YY;Gebucht;Beispielname hier;Beispielname hier;Beispiel Verwendungszweck;Ausgang;Beispiel-IBAN hier;-7,36;;;
DD.MM.YY;DD.MM.YY;Gebucht;Beispielname hier;Beispielname hier;Beispiel Verwendungszweck;Ausgang;Beispiel-IBAN hier;-14,82;;;
DD.MM.YY;DD.MM.YY;Gebucht;Beispielname hier;Beispielname hier;Beispiel Verwendungszweck;Ausgang;Beispiel-IBAN hier;-4,89;;;
DD.MM.YY;DD.MM.YY;Gebucht;Beispielname hier;Beispielname hier;Beispiel Verwendungszweck;Ausgang;Beispiel-IBAN hier;-5;;;
DD.MM.YY;DD.MM.YY;Gebucht;Beispielname hier;Beispielname hier;Beispiel Verwendungszweck;Ausgang;Beispiel-IBAN hier;-26,26;;;
DD.MM.YY;DD.MM.YY;Gebucht;Beispielname hier;Beispielname hier;Beispiel Verwendungszweck;Ausgang;Beispiel-IBAN hier;-5,77;;;
DD.MM.YY;DD.MM.YY;Gebucht;Beispielname hier;Beispielname hier;Beispiel Verwendungszweck;Ausgang;Beispiel-IBAN hier;-19,45;;;
DD.MM.YY;DD.MM.YY;Gebucht;Beispielname hier;Beispielname hier;Beispiel Verwendungszweck;Ausgang;Beispiel-IBAN hier;-15,91;;;
DD.MM.YY;DD.MM.YY;Gebucht;Beispielname hier;Beispielname hier;Beispiel Verwendungszweck;Ausgang;Beispiel-IBAN hier;-42,25;;;
DD.MM.YY;DD.MM.YY;Gebucht;Beispielname hier;Beispielname hier;Beispiel Verwendungszweck;Ausgang;Beispiel-IBAN hier;-55,08;;;
DD.MM.YY;DD.MM.YY;Gebucht;Beispielname hier;Beispielname hier;Beispiel Verwendungszweck;Ausgang;Beispiel-IBAN hier;-5,4;;;
DD.MM.YY;DD.MM.YY;Gebucht;Beispielname hier;Beispielname hier;Beispiel Verwendungszweck;Ausgang;Beispiel-IBAN hier;-39,36;;;
DD.MM.YY;DD.MM.YY;Gebucht;Beispielname hier;Beispielname hier;Beispiel Verwendungszweck;Ausgang;Beispiel-IBAN hier;-11,4;;;
DD.MM.YY;DD.MM.YY;Gebucht;Beispielname hier;Beispielname hier;Beispiel Verwendungszweck;Ausgang;Beispiel-IBAN hier;-8,88;;;
DD.MM.YY;DD.MM.YY;Gebucht;Beispielname hier;Beispielname hier;Beispiel Verwendungszweck;Ausgang;Beispiel-IBAN hier;-5,37;;;
DD.MM.YY;DD.MM.YY;Gebucht;Beispielname hier;Beispielname hier;Beispiel Verwendungszweck;Ausgang;Beispiel-IBAN hier;-41,7;;;
DD.MM.YY;DD.MM.YY;Gebucht;Beispielname hier;Beispielname hier;Beispiel Verwendungszweck;Ausgang;Beispiel-IBAN hier;-9,48;;;
DD.MM.YY;DD.MM.YY;Gebucht;Beispielname hier;Beispielname hier;Beispiel Verwendungszweck;Ausgang;Beispiel-IBAN hier;-1,47;;;
DD.MM.YY;DD.MM.YY;Gebucht;Beispielname hier;Beispielname hier;Beispiel Verwendungszweck;Ausgang;Beispiel-IBAN hier;-57,79;;;
DD.MM.YY;DD.MM.YY;Gebucht;Beispielname hier;Beispielname hier;Beispiel Verwendungszweck;Ausgang;Beispiel-IBAN hier;-40,94;;;
DD.MM.YY;DD.MM.YY;Gebucht;Beispielname hier;Beispielname hier;Beispiel Verwendungszweck;Ausgang;Beispiel-IBAN hier;-250;;;
DD.MM.YY;DD.MM.YY;Gebucht;Beispielname hier;Beispielname hier;Beispiel Verwendungszweck;Ausgang;Beispiel-IBAN hier;-1,44;;;
DD.MM.YY;DD.MM.YY;Gebucht;Beispielname hier;Beispielname hier;Beispiel Verwendungszweck;Ausgang;Beispiel-IBAN hier;-9,78;;;
DD.MM.YY;DD.MM.YY;Gebucht;Beispielname hier;Beispielname hier;Beispiel Verwendungszweck;Ausgang;Beispiel-IBAN hier;-26,14;;;
DD.MM.YY;DD.MM.YY;Gebucht;Beispielname hier;Beispielname hier;Beispiel Verwendungszweck;Ausgang;Beispiel-IBAN hier;-2,78;;;
DD.MM.YY;DD.MM.YY;Gebucht;Beispielname hier;Beispielname hier;Beispiel Verwendungszweck;Ausgang;Beispiel-IBAN hier;-213,29;;;
DD.MM.YY;DD.MM.YY;Gebucht;Beispielname hier;Beispielname hier;Beispiel Verwendungszweck;Ausgang;Beispiel-IBAN hier;-1.03;;;
DD.MM.YY;DD.MM.YY;Gebucht;Beispielname hier;Beispielname hier;Beispiel Verwendungszweck;Ausgang;Beispiel-IBAN hier;-2,99;;;
DD.MM.YY;DD.MM.YY;Gebucht;Beispielname hier;Beispielname hier;Beispiel Verwendungszweck;Ausgang;Beispiel-IBAN hier;-17,99;;;
DD.MM.YY;DD.MM.YY;Gebucht;Beispielname hier;Beispielname hier;Beispiel Verwendungszweck;Ausgang;Beispiel-IBAN hier;-7,14;;;
DD.MM.YY;DD.MM.YY;Gebucht;Beispielname hier;Beispielname hier;Beispiel Verwendungszweck;Ausgang;Beispiel-IBAN hier;-14,02;;;
DD.MM.YY;DD.MM.YY;Gebucht;Beispielname hier;Beispielname hier;Beispiel Verwendungszweck;Ausgang;Beispiel-IBAN hier;-244;;;
DD.MM.YY;DD.MM.YY;Gebucht;Beispielname hier;Beispielname hier;Beispiel Verwendungszweck;Eingang;Beispiel-IBAN hier;18,25;;;
DD.MM.YY;DD.MM.YY;Gebucht;Beispielname hier;Beispielname hier;Beispiel Verwendungszweck;Ausgang;Beispiel-IBAN hier;-18,25;;;
DD.MM.YY;DD.MM.YY;Gebucht;Beispielname hier;Beispielname hier;Beispiel Verwendungszweck;Ausgang;Beispiel-IBAN hier;-6,79;;;
DD.MM.YY;DD.MM.YY;Gebucht;Beispielname hier;Beispielname hier;Beispiel Verwendungszweck;Ausgang;Beispiel-IBAN hier;-5;;;
DD.MM.YY;DD.MM.YY;Gebucht;Beispielname hier;Beispielname hier;Beispiel Verwendungszweck;Ausgang;Beispiel-IBAN hier;-9,32;;;
DD.MM.YY;DD.MM.YY;Gebucht;Beispielname hier;Beispielname hier;Beispiel Verwendungszweck;Ausgang;Beispiel-IBAN hier;-1,5;;;
DD.MM.YY;DD.MM.YY;Gebucht;Beispielname hier;Beispielname hier;Beispiel Verwendungszweck;Ausgang;Beispiel-IBAN hier;-26,61;;;
DD.MM.YY;DD.MM.YY;Gebucht;Beispielname hier;Beispielname hier;Beispiel Verwendungszweck;Ausgang;Beispiel-IBAN hier;-5,27;;;
DD.MM.YY;DD.MM.YY;Gebucht;Beispielname hier;Beispielname hier;Beispiel Verwendungszweck;Ausgang;Beispiel-IBAN hier;-9,67;;;
DD.MM.YY;DD.MM.YY;Gebucht;Beispielname hier;Beispielname hier;Beispiel Verwendungszweck;Ausgang;Beispiel-IBAN hier;-114,5;;;
DD.MM.YY;DD.MM.YY;Gebucht;Beispielname hier;Beispielname hier;Beispiel Verwendungszweck;Ausgang;Beispiel-IBAN hier;-21,21;;;
DD.MM.YY;DD.MM.YY;Gebucht;Beispielname hier;Beispielname hier;Beispiel Verwendungszweck;Eingang;Beispiel-IBAN hier;114,5;;;
DD.MM.YY;DD.MM.YY;Gebucht;Beispielname hier;Beispielname hier;Beispiel Verwendungszweck;Ausgang;Beispiel-IBAN hier;-22,01;;;
DD.MM.YY;DD.MM.YY;Gebucht;Beispielname hier;Beispielname hier;Beispiel Verwendungszweck;Ausgang;Beispiel-IBAN hier;-2,8;;;
DD.MM.YY;DD.MM.YY;Gebucht;Beispielname hier;Beispielname hier;Beispiel Verwendungszweck;Ausgang;Beispiel-IBAN hier;-3,49;;;
DD.MM.YY;DD.MM.YY;Gebucht;Beispielname hier;Beispielname hier;Beispiel Verwendungszweck;Ausgang;Beispiel-IBAN hier;-60;;;
DD.MM.YY;DD.MM.YY;Gebucht;Beispielname hier;Beispielname hier;Beispiel Verwendungszweck;Ausgang;Beispiel-IBAN hier;-34,95;;;
DD.MM.YY;DD.MM.YY;Gebucht;Beispielname hier;Beispielname hier;Beispiel Verwendungszweck;Ausgang;Beispiel-IBAN hier;-49,94;;;
DD.MM.YY;DD.MM.YY;Gebucht;Beispielname hier;Beispielname hier;Beispiel Verwendungszweck;Ausgang;Beispiel-IBAN hier;-33,51;;;
DD.MM.YY;DD.MM.YY;Gebucht;Beispielname hier;Beispielname hier;Beispiel Verwendungszweck;Ausgang;Beispiel-IBAN hier;-8,96;;;
DD.MM.YY;DD.MM.YY;Gebucht;Beispielname hier;Beispielname hier;Beispiel Verwendungszweck;Ausgang;Beispiel-IBAN hier;-4,05;;;
DD.MM.YY;DD.MM.YY;Gebucht;Beispielname hier;Beispielname hier;Beispiel Verwendungszweck;Ausgang;Beispiel-IBAN hier;-7,13;;;
DD.MM.YY;DD.MM.YY;Gebucht;Beispielname hier;Beispielname hier;Beispiel Verwendungszweck;Ausgang;Beispiel-IBAN hier;-5;;;
DD.MM.YY;DD.MM.YY;Gebucht;Beispielname hier;Beispielname hier;Beispiel Verwendungszweck;Ausgang;Beispiel-IBAN hier;-23,04;;;
DD.MM.YY;DD.MM.YY;Gebucht;Beispielname hier;Beispielname hier;Beispiel Verwendungszweck;Ausgang;Beispiel-IBAN hier;-37,82;;;
DD.MM.YY;DD.MM.YY;Gebucht;Beispielname hier;Beispielname hier;Beispiel Verwendungszweck;Ausgang;Beispiel-IBAN hier;-22,03;;;
DD.MM.YY;DD.MM.YY;Gebucht;Beispielname hier;Beispielname hier;Beispiel Verwendungszweck;Ausgang;Beispiel-IBAN hier;-3,45;;;
DD.MM.YY;DD.MM.YY;Gebucht;Beispielname hier;Beispielname hier;Beispiel Verwendungszweck;Ausgang;Beispiel-IBAN hier;-2,99;;;
DD.MM.YY;DD.MM.YY;Gebucht;Beispielname hier;Beispielname hier;Beispiel Verwendungszweck;Eingang;Beispiel-IBAN hier;2.676,43;;;
DD.MM.YY;DD.MM.YY;Gebucht;Beispielname hier;Beispielname hier;Beispiel Verwendungszweck;Ausgang;Beispiel-IBAN hier;-5,45;;;
DD.MM.YY;DD.MM.YY;Gebucht;Beispielname hier;Beispielname hier;Beispiel Verwendungszweck;Ausgang;Beispiel-IBAN hier;-4,5;;;
DD.MM.YY;DD.MM.YY;Gebucht;Beispielname hier;Beispielname hier;Beispiel Verwendungszweck;Ausgang;Beispiel-IBAN hier;-6,5;;;
DD.MM.YY;DD.MM.YY;Gebucht;Beispielname hier;Beispielname hier;Beispiel Verwendungszweck;Ausgang;Beispiel-IBAN hier;-4,49;;;
DD.MM.YY;DD.MM.YY;Gebucht;Beispielname hier;Beispielname hier;Beispiel Verwendungszweck;Ausgang;Beispiel-IBAN hier;-1;;;
DD.MM.YY;DD.MM.YY;Gebucht;Beispielname hier;Beispielname hier;Beispiel Verwendungszweck;Ausgang;Beispiel-IBAN hier;-3,49;;;
DD.MM.YY;DD.MM.YY;Gebucht;Beispielname hier;Beispielname hier;Beispiel Verwendungszweck;Ausgang;Beispiel-IBAN hier;-20,88;;;
DD.MM.YY;DD.MM.YY;Gebucht;Beispielname hier;Beispielname hier;Beispiel Verwendungszweck;Ausgang;Beispiel-IBAN hier;-3,8;;;
DD.MM.YY;DD.MM.YY;Gebucht;Beispielname hier;Beispielname hier;Beispiel Verwendungszweck;Ausgang;Beispiel-IBAN hier;-5;;;
DD.MM.YY;DD.MM.YY;Gebucht;Beispielname hier;Beispielname hier;Beispiel Verwendungszweck;Ausgang;Beispiel-IBAN hier;-16,37;;;
DD.MM.YY;DD.MM.YY;Gebucht;Beispielname hier;Beispielname hier;Beispiel Verwendungszweck;Ausgang;Beispiel-IBAN hier;-39,99;;;
DD.MM.YY;DD.MM.YY;Gebucht;Beispielname hier;Beispielname hier;Beispiel Verwendungszweck;Ausgang;Beispiel-IBAN hier;-5,87;;;
DD.MM.YY;DD.MM.YY;Gebucht;Beispielname hier;Beispielname hier;Beispiel Verwendungszweck;Ausgang;Beispiel-IBAN hier;-19,86;;;
DD.MM.YY;DD.MM.YY;Gebucht;Beispielname hier;Beispielname hier;Beispiel Verwendungszweck;Ausgang;Beispiel-IBAN hier;-12,69;;;
DD.MM.YY;DD.MM.YY;Gebucht;Beispielname hier;Beispielname hier;Beispiel Verwendungszweck;Ausgang;Beispiel-IBAN hier;-17,95;;;
DD.MM.YY;DD.MM.YY;Gebucht;Beispielname hier;Beispielname hier;Beispiel Verwendungszweck;Ausgang;Beispiel-IBAN hier;-11,03;;;
DD.MM.YY;DD.MM.YY;Gebucht;Beispielname hier;Beispielname hier;Beispiel Verwendungszweck;Ausgang;Beispiel-IBAN hier;-4,05;;;
DD.MM.YY;DD.MM.YY;Gebucht;Beispielname hier;Beispielname hier;Beispiel Verwendungszweck;Ausgang;Beispiel-IBAN hier;-3,55;;;
DD.MM.YY;DD.MM.YY;Gebucht;Beispielname hier;Beispielname hier;Beispiel Verwendungszweck;Ausgang;Beispiel-IBAN hier;-68,96;;;
DD.MM.YY;DD.MM.YY;Gebucht;Beispielname hier;Beispielname hier;Beispiel Verwendungszweck;Ausgang;Beispiel-IBAN hier;-3,45;;;
DD.MM.YY;DD.MM.YY;Gebucht;Beispielname hier;Beispielname hier;Beispiel Verwendungszweck;Ausgang;Beispiel-IBAN hier;-9,52;;;
DD.MM.YY;DD.MM.YY;Gebucht;Beispielname hier;Beispielname hier;Beispiel Verwendungszweck;Ausgang;Beispiel-IBAN hier;-6,78;;;
DD.MM.YY;DD.MM.YY;Gebucht;Beispielname hier;Beispielname hier;Beispiel Verwendungszweck;Ausgang;Beispiel-IBAN hier;-103,61;;;
DD.MM.YY;DD.MM.YY;Gebucht;Beispielname hier;Beispielname hier;Beispiel Verwendungszweck;Ausgang;Beispiel-IBAN hier;-2,99;;;
DD.MM.YY;DD.MM.YY;Gebucht;Beispielname hier;Beispielname hier;Beispiel Verwendungszweck;Ausgang;Beispiel-IBAN hier;-4,05;;;
DD.MM.YY;DD.MM.YY;Gebucht;Beispielname hier;Beispielname hier;Beispiel Verwendungszweck;Ausgang;Beispiel-IBAN hier;-14,39;;;
DD.MM.YY;DD.MM.YY;Gebucht;Beispielname hier;Beispielname hier;Beispiel Verwendungszweck;Ausgang;Beispiel-IBAN hier;-12,66;;;
DD.MM.YY;DD.MM.YY;Gebucht;Beispielname hier;Beispielname hier;Beispiel Verwendungszweck;Ausgang;Beispiel-IBAN hier;-11,56;;;
DD.MM.YY;DD.MM.YY;Gebucht;Beispielname hier;Beispielname hier;Beispiel Verwendungszweck;Ausgang;Beispiel-IBAN hier;-4,05;;;
DD.MM.YY;DD.MM.YY;Gebucht;Beispielname hier;Beispielname hier;Beispiel Verwendungszweck;Ausgang;Beispiel-IBAN hier;-3,55;;;
DD.MM.YY;DD.MM.YY;Gebucht;Beispielname hier;Beispielname hier;Beispiel Verwendungszweck;Ausgang;Beispiel-IBAN hier;-6,88;;;
DD.MM.YY;DD.MM.YY;Gebucht;Beispielname hier;Beispielname hier;Beispiel Verwendungszweck;Ausgang;Beispiel-IBAN hier;-16,37;;;
DD.MM.YY;DD.MM.YY;Gebucht;Beispielname hier;Beispielname hier;Beispiel Verwendungszweck;Ausgang;Beispiel-IBAN hier;-14,33;;;
DD.MM.YY;DD.MM.YY;Gebucht;Beispielname hier;Beispielname hier;Beispiel Verwendungszweck;Ausgang;Beispiel-IBAN hier;-17,43;;;
DD.MM.YY;DD.MM.YY;Gebucht;Beispielname hier;Beispielname hier;Beispiel Verwendungszweck;Ausgang;Beispiel-IBAN hier;-3,65;;;
DD.MM.YY;DD.MM.YY;Gebucht;Beispielname hier;Beispielname hier;Beispiel Verwendungszweck;Ausgang;Beispiel-IBAN hier;-6,78;;;
DD.MM.YY;DD.MM.YY;Gebucht;Beispielname hier;Beispielname hier;Beispiel Verwendungszweck;Ausgang;Beispiel-IBAN hier;-3,55;;;
DD.MM.YY;DD.MM.YY;Gebucht;Beispielname hier;Beispielname hier;Beispiel Verwendungszweck;Ausgang;Beispiel-IBAN hier;-250;;;
DD.MM.YY;DD.MM.YY;Gebucht;Beispielname hier;Beispielname hier;Beispiel Verwendungszweck;Ausgang;Beispiel-IBAN hier;-16,88;;;
DD.MM.YY;DD.MM.YY;Gebucht;Beispielname hier;Beispielname hier;Beispiel Verwendungszweck;Ausgang;Beispiel-IBAN hier;-4,05;;;
DD.MM.YY;DD.MM.YY;Gebucht;Beispielname hier;Beispielname hier;Beispiel Verwendungszweck;Ausgang;Beispiel-IBAN hier;-8,63;;;
DD.MM.YY;DD.MM.YY;Gebucht;Beispielname hier;Beispielname hier;Beispiel Verwendungszweck;Ausgang;Beispiel-IBAN hier;-22,21;;;
DD.MM.YY;DD.MM.YY;Gebucht;Beispielname hier;Beispielname hier;Beispiel Verwendungszweck;Ausgang;Beispiel-IBAN hier;-44,24;;;
DD.MM.YY;DD.MM.YY;Gebucht;Beispielname hier;Beispielname hier;Beispiel Verwendungszweck;Ausgang;Beispiel-IBAN hier;-3,45;;;
DD.MM.YY;DD.MM.YY;Gebucht;Beispielname hier;Beispielname hier;Beispiel Verwendungszweck;Ausgang;Beispiel-IBAN hier;-2,99;;;
DD.MM.YY;DD.MM.YY;Gebucht;Beispielname hier;Beispielname hier;Beispiel Verwendungszweck;Ausgang;Beispiel-IBAN hier;-5,2;;;
DD.MM.YY;DD.MM.YY;Gebucht;Beispielname hier;Beispielname hier;Beispiel Verwendungszweck;Ausgang;Beispiel-IBAN hier;-8,5;;;
DD.MM.YY;DD.MM.YY;Gebucht;Beispielname hier;Beispielname hier;Beispiel Verwendungszweck;Ausgang;Beispiel-IBAN hier;-38,87;;;
DD.MM.YY;DD.MM.YY;Gebucht;Beispielname hier;Beispielname hier;Beispiel Verwendungszweck;Ausgang;Beispiel-IBAN hier;-9,24;;;
DD.MM.YY;DD.MM.YY;Gebucht;Beispielname hier;Beispielname hier;Beispiel Verwendungszweck;Ausgang;Beispiel-IBAN hier;-3,78;;;
DD.MM.YY;DD.MM.YY;Gebucht;Beispielname hier;Beispielname hier;Beispiel Verwendungszweck;Ausgang;Beispiel-IBAN hier;-4,2;;;
DD.MM.YY;DD.MM.YY;Gebucht;Beispielname hier;Beispielname hier;Beispiel Verwendungszweck;Ausgang;Beispiel-IBAN hier;-2,99;;;
DD.MM.YY;DD.MM.YY;Gebucht;Beispielname hier;Beispielname hier;Beispiel Verwendungszweck;Ausgang;Beispiel-IBAN hier;-3,15;;;
DD.MM.YY;DD.MM.YY;Gebucht;Beispielname hier;Beispielname hier;Beispiel Verwendungszweck;Ausgang;Beispiel-IBAN hier;-26,61;;;
DD.MM.YY;DD.MM.YY;Gebucht;Beispielname hier;Beispielname hier;Beispiel Verwendungszweck;Ausgang;Beispiel-IBAN hier;-1.03;;;
DD.MM.YY;DD.MM.YY;Gebucht;Beispielname hier;Beispielname hier;Beispiel Verwendungszweck;Ausgang;Beispiel-IBAN hier;-2,99;;;
DD.MM.YY;DD.MM.YY;Gebucht;Beispielname hier;Beispielname hier;Beispiel Verwendungszweck;Ausgang;Beispiel-IBAN hier;-3,45;;;
DD.MM.YY;DD.MM.YY;Gebucht;Beispielname hier;Beispielname hier;Beispiel Verwendungszweck;Ausgang;Beispiel-IBAN hier;-8,3;;;
DD.MM.YY;DD.MM.YY;Gebucht;Beispielname hier;Beispielname hier;Beispiel Verwendungszweck;Ausgang;Beispiel-IBAN hier;-6,83;;;
DD.MM.YY;DD.MM.YY;Gebucht;Beispielname hier;Beispielname hier;Beispiel Verwendungszweck;Ausgang;Beispiel-IBAN hier;-1,25;;;
DD.MM.YY;DD.MM.YY;Gebucht;Beispielname hier;Beispielname hier;Beispiel Verwendungszweck;Ausgang;Beispiel-IBAN hier;-13,51;;;
DD.MM.YY;DD.MM.YY;Gebucht;Beispielname hier;Beispielname hier;Beispiel Verwendungszweck;Ausgang;Beispiel-IBAN hier;-4,25;;;
DD.MM.YY;DD.MM.YY;Gebucht;Beispielname hier;Beispielname hier;Beispiel Verwendungszweck;Ausgang;Beispiel-IBAN hier;-49,94;;;
DD.MM.YY;DD.MM.YY;Gebucht;Beispielname hier;Beispielname hier;Beispiel Verwendungszweck;Ausgang;Beispiel-IBAN hier;-129,68;;;
DD.MM.YY;DD.MM.YY;Gebucht;Beispielname hier;Beispielname hier;Beispiel Verwendungszweck;Ausgang;Beispiel-IBAN hier;-7,67;;;
DD.MM.YY;DD.MM.YY;Gebucht;Beispielname hier;Beispielname hier;Beispiel Verwendungszweck;Ausgang;Beispiel-IBAN hier;-22,72;;;
DD.MM.YY;DD.MM.YY;Gebucht;Beispielname hier;Beispielname hier;Beispiel Verwendungszweck;Ausgang;Beispiel-IBAN hier;-3,55;;;
DD.MM.YY;DD.MM.YY;Gebucht;Beispielname hier;Beispielname hier;Beispiel Verwendungszweck;Ausgang;Beispiel-IBAN hier;-60;;;
DD.MM.YY;DD.MM.YY;Gebucht;Beispielname hier;Beispielname hier;Beispiel Verwendungszweck;Ausgang;Beispiel-IBAN hier;-34,95;;;
DD.MM.YY;DD.MM.YY;Gebucht;Beispielname hier;Beispielname hier;Beispiel Verwendungszweck;Eingang;Beispiel-IBAN hier;2.676,43;;;
DD.MM.YY;DD.MM.YY;Gebucht;Beispielname hier;Beispielname hier;Beispiel Verwendungszweck;Ausgang;Beispiel-IBAN hier;-3,45;;;
DD.MM.YY;DD.MM.YY;Gebucht;Beispielname hier;Beispielname hier;Beispiel Verwendungszweck;Ausgang;Beispiel-IBAN hier;-4,24;;;
DD.MM.YY;DD.MM.YY;Gebucht;Beispielname hier;Beispielname hier;Beispiel Verwendungszweck;Ausgang;Beispiel-IBAN hier;-51,82;;;
DD.MM.YY;DD.MM.YY;Gebucht;Beispielname hier;Beispielname hier;Beispiel Verwendungszweck;Ausgang;Beispiel-IBAN hier;-13,96;;;
DD.MM.YY;DD.MM.YY;Gebucht;Beispielname hier;Beispielname hier;Beispiel Verwendungszweck;Ausgang;Beispiel-IBAN hier;-3,55;;;
DD.MM.YY;DD.MM.YY;Gebucht;Beispielname hier;Beispielname hier;Beispiel Verwendungszweck;Eingang;Beispiel-IBAN hier;50;;;
DD.MM.YY;DD.MM.YY;Gebucht;Beispielname hier;Beispielname hier;Beispiel Verwendungszweck;Ausgang;Beispiel-IBAN hier;-14,37;;;
DD.MM.YY;DD.MM.YY;Gebucht;Beispielname hier;Beispielname hier;Beispiel Verwendungszweck;Ausgang;Beispiel-IBAN hier;-31,2;;;
DD.MM.YY;DD.MM.YY;Gebucht;Beispielname hier;Beispielname hier;Beispiel Verwendungszweck;Ausgang;Beispiel-IBAN hier;-6;;;
DD.MM.YY;DD.MM.YY;Gebucht;Beispielname hier;Beispielname hier;Beispiel Verwendungszweck;Ausgang;Beispiel-IBAN hier;-23,18;;;
DD.MM.YY;DD.MM.YY;Gebucht;Beispielname hier;Beispielname hier;Beispiel Verwendungszweck;Ausgang;Beispiel-IBAN hier;-14,31;;;
DD.MM.YY;DD.MM.YY;Gebucht;Beispielname hier;Beispielname hier;Beispiel Verwendungszweck;Ausgang;Beispiel-IBAN hier;-34,76;;;
DD.MM.YY;DD.MM.YY;Gebucht;Beispielname hier;Beispielname hier;Beispiel Verwendungszweck;Ausgang;Beispiel-IBAN hier;-3,45;;;
DD.MM.YY;DD.MM.YY;Gebucht;Beispielname hier;Beispielname hier;Beispiel Verwendungszweck;Ausgang;Beispiel-IBAN hier;-6,53;;;
DD.MM.YY;DD.MM.YY;Gebucht;Beispielname hier;Beispielname hier;Beispiel Verwendungszweck;Ausgang;Beispiel-IBAN hier;-4;;;
DD.MM.YY;DD.MM.YY;Gebucht;Beispielname hier;Beispielname hier;Beispiel Verwendungszweck;Ausgang;Beispiel-IBAN hier;-4;;;
DD.MM.YY;DD.MM.YY;Gebucht;Beispielname hier;Beispielname hier;Beispiel Verwendungszweck;Ausgang;Beispiel-IBAN hier;-16;;;
DD.MM.YY;DD.MM.YY;Gebucht;Beispielname hier;Beispielname hier;Beispiel Verwendungszweck;Ausgang;Beispiel-IBAN hier;-4,08;;;
DD.MM.YY;DD.MM.YY;Gebucht;Beispielname hier;Beispielname hier;Beispiel Verwendungszweck;Ausgang;Beispiel-IBAN hier;-4,24;;;
DD.MM.YY;DD.MM.YY;Gebucht;Beispielname hier;Beispielname hier;Beispiel Verwendungszweck;Ausgang;Beispiel-IBAN hier;-3,45;;;
DD.MM.YY;DD.MM.YY;Gebucht;Beispielname hier;Beispielname hier;Beispiel Verwendungszweck;Ausgang;Beispiel-IBAN hier;-4,2;;;
DD.MM.YY;DD.MM.YY;Gebucht;Beispielname hier;Beispielname hier;Beispiel Verwendungszweck;Ausgang;Beispiel-IBAN hier;-172,88;;;
DD.MM.YY;DD.MM.YY;Gebucht;Beispielname hier;Beispielname hier;Beispiel Verwendungszweck;Ausgang;Beispiel-IBAN hier;-4,78;;;
DD.MM.YY;DD.MM.YY;Gebucht;Beispielname hier;Beispielname hier;Beispiel Verwendungszweck;Ausgang;Beispiel-IBAN hier;-6,53;;;
DD.MM.YY;DD.MM.YY;Gebucht;Beispielname hier;Beispielname hier;Beispiel Verwendungszweck;Ausgang;Beispiel-IBAN hier;-5,29;;;
DD.MM.YY;DD.MM.YY;Gebucht;Beispielname hier;Beispielname hier;Beispiel Verwendungszweck;Ausgang;Beispiel-IBAN hier;-3,45;;;
DD.MM.YY;DD.MM.YY;Gebucht;Beispielname hier;Beispielname hier;Beispiel Verwendungszweck;Ausgang;Beispiel-IBAN hier;-3,55;;;
DD.MM.YY;DD.MM.YY;Gebucht;Beispielname hier;Beispielname hier;Beispiel Verwendungszweck;Eingang;Beispiel-IBAN hier;6,52;;;
DD.MM.YY;DD.MM.YY;Gebucht;Beispielname hier;Beispielname hier;Beispiel Verwendungszweck;Ausgang;Beispiel-IBAN hier;-8,67;;;
DD.MM.YY;DD.MM.YY;Gebucht;Beispielname hier;Beispielname hier;Beispiel Verwendungszweck;Ausgang;Beispiel-IBAN hier;-58,91;;;
DD.MM.YY;DD.MM.YY;Gebucht;Beispielname hier;Beispielname hier;Beispiel Verwendungszweck;Ausgang;Beispiel-IBAN hier;-3,55;;;
DD.MM.YY;DD.MM.YY;Gebucht;Beispielname hier;Beispielname hier;Beispiel Verwendungszweck;Ausgang;Beispiel-IBAN hier;-0,45;;;
DD.MM.YY;DD.MM.YY;Gebucht;Beispielname hier;Beispielname hier;Beispiel Verwendungszweck;Ausgang;Beispiel-IBAN hier;-12,89;;;
DD.MM.YY;DD.MM.YY;Gebucht;Beispielname hier;Beispielname hier;Beispiel Verwendungszweck;Ausgang;Beispiel-IBAN hier;-666,18;;;
DD.MM.YY;DD.MM.YY;Gebucht;Beispielname hier;Beispielname hier;Beispiel Verwendungszweck;Ausgang;Beispiel-IBAN hier;-3,3;;;
DD.MM.YY;DD.MM.YY;Gebucht;Beispielname hier;Beispielname hier;Beispiel Verwendungszweck;Ausgang;Beispiel-IBAN hier;-5,36;;;
DD.MM.YY;DD.MM.YY;Gebucht;Beispielname hier;Beispielname hier;Beispiel Verwendungszweck;Ausgang;Beispiel-IBAN hier;-36,22;;;
DD.MM.YY;DD.MM.YY;Gebucht;Beispielname hier;Beispielname hier;Beispiel Verwendungszweck;Ausgang;Beispiel-IBAN hier;-0,82;;;
DD.MM.YY;DD.MM.YY;Gebucht;Beispielname hier;Beispielname hier;Beispiel Verwendungszweck;Ausgang;Beispiel-IBAN hier;-4,37;;;
DD.MM.YY;DD.MM.YY;Gebucht;Beispielname hier;Beispielname hier;Beispiel Verwendungszweck;Ausgang;Beispiel-IBAN hier;-13,25;;;
DD.MM.YY;DD.MM.YY;Gebucht;Beispielname hier;Beispielname hier;Beispiel Verwendungszweck;Ausgang;Beispiel-IBAN hier;-5,35;;;
DD.MM.YY;DD.MM.YY;Gebucht;Beispielname hier;Beispielname hier;Beispiel Verwendungszweck;Eingang;Beispiel-IBAN hier;13,2;;;
DD.MM.YY;DD.MM.YY;Gebucht;Beispielname hier;Beispielname hier;Beispiel Verwendungszweck;Eingang;Beispiel-IBAN hier;4,37;;;
DD.MM.YY;DD.MM.YY;Gebucht;Beispielname hier;Beispielname hier;Beispiel Verwendungszweck;Ausgang;Beispiel-IBAN hier;-2,85;;;
DD.MM.YY;DD.MM.YY;Gebucht;Beispielname hier;Beispielname hier;Beispiel Verwendungszweck;Ausgang;Beispiel-IBAN hier;-20,09;;;
DD.MM.YY;DD.MM.YY;Gebucht;Beispielname hier;Beispielname hier;Beispiel Verwendungszweck;Eingang;Beispiel-IBAN hier;8;;;
DD.MM.YY;DD.MM.YY;Gebucht;Beispielname hier;Beispielname hier;Beispiel Verwendungszweck;Eingang;Beispiel-IBAN hier;6;;;
DD.MM.YY;DD.MM.YY;Gebucht;Beispielname hier;Beispielname hier;Beispiel Verwendungszweck;Ausgang;Beispiel-IBAN hier;-5,62;;;
DD.MM.YY;DD.MM.YY;Gebucht;Beispielname hier;Beispielname hier;Beispiel Verwendungszweck;Ausgang;Beispiel-IBAN hier;-10,71;;;
DD.MM.YY;DD.MM.YY;Gebucht;Beispielname hier;Beispielname hier;Beispiel Verwendungszweck;Ausgang;Beispiel-IBAN hier;-2,88;;;
DD.MM.YY;DD.MM.YY;Gebucht;Beispielname hier;Beispielname hier;Beispiel Verwendungszweck;Ausgang;Beispiel-IBAN hier;-6,33;;;
DD.MM.YY;DD.MM.YY;Gebucht;Beispielname hier;Beispielname hier;Beispiel Verwendungszweck;Ausgang;Beispiel-IBAN hier;-31,13;;;
DD.MM.YY;DD.MM.YY;Gebucht;Beispielname hier;Beispielname hier;Beispiel Verwendungszweck;Ausgang;Beispiel-IBAN hier;-129,14;;;
DD.MM.YY;DD.MM.YY;Gebucht;Beispielname hier;Beispielname hier;Beispiel Verwendungszweck;Ausgang;Beispiel-IBAN hier;-45,2;;;
DD.MM.YY;DD.MM.YY;Gebucht;Beispielname hier;Beispielname hier;Beispiel Verwendungszweck;Ausgang;Beispiel-IBAN hier;-30;;;
DD.MM.YY;DD.MM.YY;Gebucht;Beispielname hier;Beispielname hier;Beispiel Verwendungszweck;Ausgang;Beispiel-IBAN hier;-1;;;
DD.MM.YY;DD.MM.YY;Gebucht;Beispielname hier;Beispielname hier;Beispiel Verwendungszweck;Ausgang;Beispiel-IBAN hier;-9,3;;;
DD.MM.YY;DD.MM.YY;Gebucht;Beispielname hier;Beispielname hier;Beispiel Verwendungszweck;Ausgang;Beispiel-IBAN hier;-8,75;;;
DD.MM.YY;DD.MM.YY;Gebucht;Beispielname hier;Beispielname hier;Beispiel Verwendungszweck;Ausgang;Beispiel-IBAN hier;-2,99;;;
DD.MM.YY;DD.MM.YY;Gebucht;Beispielname hier;Beispielname hier;Beispiel Verwendungszweck;Ausgang;Beispiel-IBAN hier;-5,45;;;
DD.MM.YY;DD.MM.YY;Gebucht;Beispielname hier;Beispielname hier;Beispiel Verwendungszweck;Ausgang;Beispiel-IBAN hier;-6,27;;;
DD.MM.YY;DD.MM.YY;Gebucht;Beispielname hier;Beispielname hier;Beispiel Verwendungszweck;Ausgang;Beispiel-IBAN hier;-4,78;;;
DD.MM.YY;DD.MM.YY;Gebucht;Beispielname hier;Beispielname hier;Beispiel Verwendungszweck;Ausgang;Beispiel-IBAN hier;-14,75;;;
DD.MM.YY;DD.MM.YY;Gebucht;Beispielname hier;Beispielname hier;Beispiel Verwendungszweck;Ausgang;Beispiel-IBAN hier;-3,45;;;
DD.MM.YY;DD.MM.YY;Gebucht;Beispielname hier;Beispielname hier;Beispiel Verwendungszweck;Ausgang;Beispiel-IBAN hier;-27,37;;;
DD.MM.YY;DD.MM.YY;Gebucht;Beispielname hier;Beispielname hier;Beispiel Verwendungszweck;Ausgang;Beispiel-IBAN hier;-2,99;;;
DD.MM.YY;DD.MM.YY;Gebucht;Beispielname hier;Beispielname hier;Beispiel Verwendungszweck;Ausgang;Beispiel-IBAN hier;-2,8;;;
DD.MM.YY;DD.MM.YY;Gebucht;Beispielname hier;Beispielname hier;Beispiel Verwendungszweck;Ausgang;Beispiel-IBAN hier;-44,3;;;
DD.MM.YY;DD.MM.YY;Gebucht;Beispielname hier;Beispielname hier;Beispiel Verwendungszweck;Ausgang;Beispiel-IBAN hier;-5;;;
DD.MM.YY;DD.MM.YY;Gebucht;Beispielname hier;Beispielname hier;Beispiel Verwendungszweck;Ausgang;Beispiel-IBAN hier;-1,25;;;
DD.MM.YY;DD.MM.YY;Gebucht;Beispielname hier;Beispielname hier;Beispiel Verwendungszweck;Ausgang;Beispiel-IBAN hier;-2,99;;;
DD.MM.YY;DD.MM.YY;Gebucht;Beispielname hier;Beispielname hier;Beispiel Verwendungszweck;Ausgang;Beispiel-IBAN hier;-1.03;;;
DD.MM.YY;DD.MM.YY;Gebucht;Beispielname hier;Beispielname hier;Beispiel Verwendungszweck;Ausgang;Beispiel-IBAN hier;-26,61;;;
DD.MM.YY;DD.MM.YY;Gebucht;Beispielname hier;Beispielname hier;Beispiel Verwendungszweck;Eingang;Beispiel-IBAN hier;0;;;
DD.MM.YY;DD.MM.YY;Gebucht;Beispielname hier;Beispielname hier;Beispiel Verwendungszweck;Ausgang;Beispiel-IBAN hier;-4,38;;;
DD.MM.YY;DD.MM.YY;Gebucht;Beispielname hier;Beispielname hier;Beispiel Verwendungszweck;Ausgang;Beispiel-IBAN hier;-32,57;;;
DD.MM.YY;DD.MM.YY;Gebucht;Beispielname hier;Beispielname hier;Beispiel Verwendungszweck;Ausgang;Beispiel-IBAN hier;-4,6;;;
DD.MM.YY;DD.MM.YY;Gebucht;Beispielname hier;Beispielname hier;Beispiel Verwendungszweck;Ausgang;Beispiel-IBAN hier;-34,95;;;
DD.MM.YY;DD.MM.YY;Gebucht;Beispielname hier;Beispielname hier;Beispiel Verwendungszweck;Ausgang;Beispiel-IBAN hier;-10,86;;;
DD.MM.YY;DD.MM.YY;Gebucht;Beispielname hier;Beispielname hier;Beispiel Verwendungszweck;Ausgang;Beispiel-IBAN hier;-9,5;;;
DD.MM.YY;DD.MM.YY;Gebucht;Beispielname hier;Beispielname hier;Beispiel Verwendungszweck;Ausgang;Beispiel-IBAN hier;-49,94;;;
DD.MM.YY;DD.MM.YY;Gebucht;Beispielname hier;Beispielname hier;Beispiel Verwendungszweck;Ausgang;Beispiel-IBAN hier;-60;;;
DD.MM.YY;DD.MM.YY;Gebucht;Beispielname hier;Beispielname hier;Beispiel Verwendungszweck;Ausgang;Beispiel-IBAN hier;-20,88;;;
DD.MM.YY;DD.MM.YY;Gebucht;Beispielname hier;Beispielname hier;Beispiel Verwendungszweck;Ausgang;Beispiel-IBAN hier;-3,45;;;
DD.MM.YY;DD.MM.YY;Gebucht;Beispielname hier;Beispielname hier;Beispiel Verwendungszweck;Ausgang;Beispiel-IBAN hier;-4,24;;;
DD.MM.YY;DD.MM.YY;Gebucht;Beispielname hier;Beispielname hier;Beispiel Verwendungszweck;Ausgang;Beispiel-IBAN hier;-94;;;
DD.MM.YY;DD.MM.YY;Gebucht;Beispielname hier;Beispielname hier;Beispiel Verwendungszweck;Ausgang;Beispiel-IBAN hier;-16,01;;;
DD.MM.YY;DD.MM.YY;Gebucht;Beispielname hier;Beispielname hier;Beispiel Verwendungszweck;Ausgang;Beispiel-IBAN hier;-10,07;;;
DD.MM.YY;DD.MM.YY;Gebucht;Beispielname hier;Beispielname hier;Beispiel Verwendungszweck;Ausgang;Beispiel-IBAN hier;-24,85;;;
DD.MM.YY;DD.MM.YY;Gebucht;Beispielname hier;Beispielname hier;Beispiel Verwendungszweck;Ausgang;Beispiel-IBAN hier;-55,95;;;
DD.MM.YY;DD.MM.YY;Gebucht;Beispielname hier;Beispielname hier;Beispiel Verwendungszweck;Ausgang;Beispiel-IBAN hier;-4,6;;;
DD.MM.YY;DD.MM.YY;Gebucht;Beispielname hier;Beispielname hier;Beispiel Verwendungszweck;Ausgang;Beispiel-IBAN hier;-5;;;
DD.MM.YY;DD.MM.YY;Gebucht;Beispielname hier;Beispielname hier;Beispiel Verwendungszweck;Eingang;Beispiel-IBAN hier;3.761,43;;;
DD.MM.YY;DD.MM.YY;Gebucht;Beispielname hier;Beispielname hier;Beispiel Verwendungszweck;Ausgang;Beispiel-IBAN hier;-3,45;;;
DD.MM.YY;DD.MM.YY;Gebucht;Beispielname hier;Beispielname hier;Beispiel Verwendungszweck;Ausgang;Beispiel-IBAN hier;-24,5;;;
DD.MM.YY;DD.MM.YY;Gebucht;Beispielname hier;Beispielname hier;Beispiel Verwendungszweck;Ausgang;Beispiel-IBAN hier;-6,53;;;
DD.MM.YY;DD.MM.YY;Gebucht;Beispielname hier;Beispielname hier;Beispiel Verwendungszweck;Ausgang;Beispiel-IBAN hier;-10,37;;;
DD.MM.YY;DD.MM.YY;Gebucht;Beispielname hier;Beispielname hier;Beispiel Verwendungszweck;Ausgang;Beispiel-IBAN hier;-3,99;;;
DD.MM.YY;DD.MM.YY;Gebucht;Beispielname hier;Beispielname hier;Beispiel Verwendungszweck;Ausgang;Beispiel-IBAN hier;-5,35;;;
DD.MM.YY;DD.MM.YY;Gebucht;Beispielname hier;Beispielname hier;Beispiel Verwendungszweck;Ausgang;Beispiel-IBAN hier;-13,25;;;
DD.MM.YY;DD.MM.YY;Gebucht;Beispielname hier;Beispielname hier;Beispiel Verwendungszweck;Ausgang;Beispiel-IBAN hier;-5,18;;;
DD.MM.YY;DD.MM.YY;Gebucht;Beispielname hier;Beispielname hier;Beispiel Verwendungszweck;Ausgang;Beispiel-IBAN hier;-9,5;;;
DD.MM.YY;DD.MM.YY;Gebucht;Beispielname hier;Beispielname hier;Beispiel Verwendungszweck;Ausgang;Beispiel-IBAN hier;-4,2;;;
DD.MM.YY;DD.MM.YY;Gebucht;Beispielname hier;Beispielname hier;Beispiel Verwendungszweck;Ausgang;Beispiel-IBAN hier;-27;;;
DD.MM.YY;DD.MM.YY;Gebucht;Beispielname hier;Beispielname hier;Beispiel Verwendungszweck;Ausgang;Beispiel-IBAN hier;-1,25;;;
DD.MM.YY;DD.MM.YY;Gebucht;Beispielname hier;Beispielname hier;Beispiel Verwendungszweck;Ausgang;Beispiel-IBAN hier;-2,99;;;
DD.MM.YY;DD.MM.YY;Gebucht;Beispielname hier;Beispielname hier;Beispiel Verwendungszweck;Ausgang;Beispiel-IBAN hier;-13,32;;;
DD.MM.YY;DD.MM.YY;Gebucht;Beispielname hier;Beispielname hier;Beispiel Verwendungszweck;Eingang;Beispiel-IBAN hier;34,6;;;
DD.MM.YY;DD.MM.YY;Gebucht;Beispielname hier;Beispielname hier;Beispiel Verwendungszweck;Ausgang;Beispiel-IBAN hier;-12,48;;;
DD.MM.YY;DD.MM.YY;Gebucht;Beispielname hier;Beispielname hier;Beispiel Verwendungszweck;Ausgang;Beispiel-IBAN hier;-73,48;;;
DD.MM.YY;DD.MM.YY;Gebucht;Beispielname hier;Beispielname hier;Beispiel Verwendungszweck;Ausgang;Beispiel-IBAN hier;-6,76;;;
DD.MM.YY;DD.MM.YY;Gebucht;Beispielname hier;Beispielname hier;Beispiel Verwendungszweck;Ausgang;Beispiel-IBAN hier;-4,24;;;
DD.MM.YY;DD.MM.YY;Gebucht;Beispielname hier;Beispielname hier;Beispiel Verwendungszweck;Ausgang;Beispiel-IBAN hier;-3,95;;;
DD.MM.YY;DD.MM.YY;Gebucht;Beispielname hier;Beispielname hier;Beispiel Verwendungszweck;Ausgang;Beispiel-IBAN hier;-3,45;;;
DD.MM.YY;DD.MM.YY;Gebucht;Beispielname hier;Beispielname hier;Beispiel Verwendungszweck;Ausgang;Beispiel-IBAN hier;-2,99;;;
DD.MM.YY;DD.MM.YY;Gebucht;Beispielname hier;Beispielname hier;Beispiel Verwendungszweck;Ausgang;Beispiel-IBAN hier;-3,55;;;
DD.MM.YY;DD.MM.YY;Gebucht;Beispielname hier;Beispielname hier;Beispiel Verwendungszweck;Ausgang;Beispiel-IBAN hier;-5,51;;;
DD.MM.YY;DD.MM.YY;Gebucht;Beispielname hier;Beispielname hier;Beispiel Verwendungszweck;Ausgang;Beispiel-IBAN hier;-28,59;;;
DD.MM.YY;DD.MM.YY;Gebucht;Beispielname hier;Beispielname hier;Beispiel Verwendungszweck;Ausgang;Beispiel-IBAN hier;-5,84;;;
DD.MM.YY;DD.MM.YY;Gebucht;Beispielname hier;Beispielname hier;Beispiel Verwendungszweck;Ausgang;Beispiel-IBAN hier;-3,55;;;
DD.MM.YY;DD.MM.YY;Gebucht;Beispielname hier;Beispielname hier;Beispiel Verwendungszweck;Ausgang;Beispiel-IBAN hier;-22,23;;;
DD.MM.YY;DD.MM.YY;Gebucht;Beispielname hier;Beispielname hier;Beispiel Verwendungszweck;Ausgang;Beispiel-IBAN hier;-55,08;;;
DD.MM.YY;DD.MM.YY;Gebucht;Beispielname hier;Beispielname hier;Beispiel Verwendungszweck;Ausgang;Beispiel-IBAN hier;-1,2;;;
DD.MM.YY;DD.MM.YY;Gebucht;Beispielname hier;Beispielname hier;Beispiel Verwendungszweck;Ausgang;Beispiel-IBAN hier;-7,17;;;
DD.MM.YY;DD.MM.YY;Gebucht;Beispielname hier;Beispielname hier;Beispiel Verwendungszweck;Ausgang;Beispiel-IBAN hier;-74,38;;;
DD.MM.YY;DD.MM.YY;Gebucht;Beispielname hier;Beispielname hier;Beispiel Verwendungszweck;Ausgang;Beispiel-IBAN hier;-1,69;;;
DD.MM.YY;DD.MM.YY;Gebucht;Beispielname hier;Beispielname hier;Beispiel Verwendungszweck;Ausgang;Beispiel-IBAN hier;-1,89;;;
DD.MM.YY;DD.MM.YY;Gebucht;Beispielname hier;Beispielname hier;Beispiel Verwendungszweck;Ausgang;Beispiel-IBAN hier;-9,5;;;
DD.MM.YY;DD.MM.YY;Gebucht;Beispielname hier;Beispielname hier;Beispiel Verwendungszweck;Ausgang;Beispiel-IBAN hier;-12,5;;;
DD.MM.YY;DD.MM.YY;Gebucht;Beispielname hier;Beispielname hier;Beispiel Verwendungszweck;Ausgang;Beispiel-IBAN hier;-13,94;;;
DD.MM.YY;DD.MM.YY;Gebucht;Beispielname hier;Beispielname hier;Beispiel Verwendungszweck;Ausgang;Beispiel-IBAN hier;-3,65;;;
DD.MM.YY;DD.MM.YY;Gebucht;Beispielname hier;Beispielname hier;Beispiel Verwendungszweck;Ausgang;Beispiel-IBAN hier;-10,33;;;
DD.MM.YY;DD.MM.YY;Gebucht;Beispielname hier;Beispielname hier;Beispiel Verwendungszweck;Ausgang;Beispiel-IBAN hier;-28,39;;;
DD.MM.YY;DD.MM.YY;Gebucht;Beispielname hier;Beispielname hier;Beispiel Verwendungszweck;Ausgang;Beispiel-IBAN hier;-3,55;;;
DD.MM.YY;DD.MM.YY;Gebucht;Beispielname hier;Beispielname hier;Beispiel Verwendungszweck;Ausgang;Beispiel-IBAN hier;-10,35;;;
DD.MM.YY;DD.MM.YY;Gebucht;Beispielname hier;Beispielname hier;Beispiel Verwendungszweck;Ausgang;Beispiel-IBAN hier;-4,24;;;
DD.MM.YY;DD.MM.YY;Gebucht;Beispielname hier;Beispielname hier;Beispiel Verwendungszweck;Ausgang;Beispiel-IBAN hier;-10,33;;;
DD.MM.YY;DD.MM.YY;Gebucht;Beispielname hier;Beispielname hier;Beispiel Verwendungszweck;Ausgang;Beispiel-IBAN hier;-9,75;;;
DD.MM.YY;DD.MM.YY;Gebucht;Beispielname hier;Beispielname hier;Beispiel Verwendungszweck;Ausgang;Beispiel-IBAN hier;-16,85;;;
DD.MM.YY;DD.MM.YY;Gebucht;Beispielname hier;Beispielname hier;Beispiel Verwendungszweck;Ausgang;Beispiel-IBAN hier;-7,54;;;
DD.MM.YY;DD.MM.YY;Gebucht;Beispielname hier;Beispielname hier;Beispiel Verwendungszweck;Ausgang;Beispiel-IBAN hier;-1,25;;;
DD.MM.YY;DD.MM.YY;Gebucht;Beispielname hier;Beispielname hier;Beispiel Verwendungszweck;Ausgang;Beispiel-IBAN hier;-6,24;;;
DD.MM.YY;DD.MM.YY;Gebucht;Beispielname hier;Beispielname hier;Beispiel Verwendungszweck;Ausgang;Beispiel-IBAN hier;-10,48;;;
DD.MM.YY;DD.MM.YY;Gebucht;Beispielname hier;Beispielname hier;Beispiel Verwendungszweck;Ausgang;Beispiel-IBAN hier;-4,93;;;
DD.MM.YY;DD.MM.YY;Gebucht;Beispielname hier;Beispielname hier;Beispiel Verwendungszweck;Ausgang;Beispiel-IBAN hier;-10,96;;;
DD.MM.YY;DD.MM.YY;Gebucht;Beispielname hier;Beispielname hier;Beispiel Verwendungszweck;Ausgang;Beispiel-IBAN hier;-1,25;;;
DD.MM.YY;DD.MM.YY;Gebucht;Beispielname hier;Beispielname hier;Beispiel Verwendungszweck;Ausgang;Beispiel-IBAN hier;-3,99;;;
DD.MM.YY;DD.MM.YY;Gebucht;Beispielname hier;Beispielname hier;Beispiel Verwendungszweck;Ausgang;Beispiel-IBAN hier;-7,98;;;
DD.MM.YY;DD.MM.YY;Gebucht;Beispielname hier;Beispielname hier;Beispiel Verwendungszweck;Ausgang;Beispiel-IBAN hier;-41,48;;;
DD.MM.YY;DD.MM.YY;Gebucht;Beispielname hier;Beispielname hier;Beispiel Verwendungszweck;Ausgang;Beispiel-IBAN hier;-34,95;;;
DD.MM.YY;DD.MM.YY;Gebucht;Beispielname hier;Beispielname hier;Beispiel Verwendungszweck;Ausgang;Beispiel-IBAN hier;-26,61;;;
DD.MM.YY;DD.MM.YY;Gebucht;Beispielname hier;Beispielname hier;Beispiel Verwendungszweck;Ausgang;Beispiel-IBAN hier;-1.03;;;
DD.MM.YY;DD.MM.YY;Gebucht;Beispielname hier;Beispielname hier;Beispiel Verwendungszweck;Ausgang;Beispiel-IBAN hier;-7,99;;;
DD.MM.YY;DD.MM.YY;Gebucht;Beispielname hier;Beispielname hier;Beispiel Verwendungszweck;Ausgang;Beispiel-IBAN hier;-3,55;;;
DD.MM.YY;DD.MM.YY;Gebucht;Beispielname hier;Beispielname hier;Beispiel Verwendungszweck;Ausgang;Beispiel-IBAN hier;-60;;;
DD.MM.YY;DD.MM.YY;Gebucht;Beispielname hier;Beispielname hier;Beispiel Verwendungszweck;Ausgang;Beispiel-IBAN hier;-2,99;;;
DD.MM.YY;DD.MM.YY;Gebucht;Beispielname hier;Beispielname hier;Beispiel Verwendungszweck;Ausgang;Beispiel-IBAN hier;-1,25;;;
DD.MM.YY;DD.MM.YY;Gebucht;Beispielname hier;Beispielname hier;Beispiel Verwendungszweck;Ausgang;Beispiel-IBAN hier;-49,94;;;
DD.MM.YY;DD.MM.YY;Gebucht;Beispielname hier;Beispielname hier;Beispiel Verwendungszweck;Ausgang;Beispiel-IBAN hier;-16,29;;;
DD.MM.YY;DD.MM.YY;Gebucht;Beispielname hier;Beispielname hier;Beispiel Verwendungszweck;Ausgang;Beispiel-IBAN hier;-22,85;;;
DD.MM.YY;DD.MM.YY;Gebucht;Beispielname hier;Beispielname hier;Beispiel Verwendungszweck;Ausgang;Beispiel-IBAN hier;-33,19;;;
DD.MM.YY;DD.MM.YY;Gebucht;Beispielname hier;Beispielname hier;Beispiel Verwendungszweck;Ausgang;Beispiel-IBAN hier;-18,87;;;
DD.MM.YY;DD.MM.YY;Gebucht;Beispielname hier;Beispielname hier;Beispiel Verwendungszweck;Ausgang;Beispiel-IBAN hier;-4,2;;;
DD.MM.YY;DD.MM.YY;Gebucht;Beispielname hier;Beispielname hier;Beispiel Verwendungszweck;Eingang;Beispiel-IBAN hier;2.665,18;;;
DD.MM.YY;DD.MM.YY;Gebucht;Beispielname hier;Beispielname hier;Beispiel Verwendungszweck;Ausgang;Beispiel-IBAN hier;-2,99;;;
DD.MM.YY;DD.MM.YY;Gebucht;Beispielname hier;Beispielname hier;Beispiel Verwendungszweck;Ausgang;Beispiel-IBAN hier;-1,25;;;
DD.MM.YY;DD.MM.YY;Gebucht;Beispielname hier;Beispielname hier;Beispiel Verwendungszweck;Ausgang;Beispiel-IBAN hier;-3,93;;;
DD.MM.YY;DD.MM.YY;Gebucht;Beispielname hier;Beispielname hier;Beispiel Verwendungszweck;Ausgang;Beispiel-IBAN hier;-1,25;;;
DD.MM.YY;DD.MM.YY;Gebucht;Beispielname hier;Beispielname hier;Beispiel Verwendungszweck;Ausgang;Beispiel-IBAN hier;-33,91;;;
DD.MM.YY;DD.MM.YY;Gebucht;Beispielname hier;Beispielname hier;Beispiel Verwendungszweck;Ausgang;Beispiel-IBAN hier;-3,55;;;
DD.MM.YY;DD.MM.YY;Gebucht;Beispielname hier;Beispielname hier;Beispiel Verwendungszweck;Ausgang;Beispiel-IBAN hier;-4,25;;;
DD.MM.YY;DD.MM.YY;Gebucht;Beispielname hier;Beispielname hier;Beispiel Verwendungszweck;Ausgang;Beispiel-IBAN hier;-4,93;;;
DD.MM.YY;DD.MM.YY;Gebucht;Beispielname hier;Beispielname hier;Beispiel Verwendungszweck;Ausgang;Beispiel-IBAN hier;-1,25;;;
DD.MM.YY;DD.MM.YY;Gebucht;Beispielname hier;Beispielname hier;Beispiel Verwendungszweck;Ausgang;Beispiel-IBAN hier;-3,55;;;
DD.MM.YY;DD.MM.YY;Gebucht;Beispielname hier;Beispielname hier;Beispiel Verwendungszweck;Ausgang;Beispiel-IBAN hier;-26,73;;;
DD.MM.YY;DD.MM.YY;Gebucht;Beispielname hier;Beispielname hier;Beispiel Verwendungszweck;Ausgang;Beispiel-IBAN hier;-20,98;;;
DD.MM.YY;DD.MM.YY;Gebucht;Beispielname hier;Beispielname hier;Beispiel Verwendungszweck;Ausgang;Beispiel-IBAN hier;-2,99;;;
DD.MM.YY;DD.MM.YY;Gebucht;Beispielname hier;Beispielname hier;Beispiel Verwendungszweck;Ausgang;Beispiel-IBAN hier;-3,15;;;
DD.MM.YY;DD.MM.YY;Gebucht;Beispielname hier;Beispielname hier;Beispiel Verwendungszweck;Ausgang;Beispiel-IBAN hier;-14,8;;;
DD.MM.YY;DD.MM.YY;Gebucht;Beispielname hier;Beispielname hier;Beispiel Verwendungszweck;Ausgang;Beispiel-IBAN hier;-2;;;
DD.MM.YY;DD.MM.YY;Gebucht;Beispielname hier;Beispielname hier;Beispiel Verwendungszweck;Ausgang;Beispiel-IBAN hier;-1,25;;;
DD.MM.YY;DD.MM.YY;Gebucht;Beispielname hier;Beispielname hier;Beispiel Verwendungszweck;Ausgang;Beispiel-IBAN hier;-4,45;;;
DD.MM.YY;DD.MM.YY;Gebucht;Beispielname hier;Beispielname hier;Beispiel Verwendungszweck;Ausgang;Beispiel-IBAN hier;-12,72;;;
DD.MM.YY;DD.MM.YY;Gebucht;Beispielname hier;Beispielname hier;Beispiel Verwendungszweck;Ausgang;Beispiel-IBAN hier;-1,2;;;
DD.MM.YY;DD.MM.YY;Gebucht;Beispielname hier;Beispielname hier;Beispiel Verwendungszweck;Ausgang;Beispiel-IBAN hier;-16,15;;;
DD.MM.YY;DD.MM.YY;Gebucht;Beispielname hier;Beispielname hier;Beispiel Verwendungszweck;Ausgang;Beispiel-IBAN hier;-51,53;;;
DD.MM.YY;DD.MM.YY;Gebucht;Beispielname hier;Beispielname hier;Beispiel Verwendungszweck;Ausgang;Beispiel-IBAN hier;-1,25;;;
DD.MM.YY;DD.MM.YY;Gebucht;Beispielname hier;Beispielname hier;Beispiel Verwendungszweck;Ausgang;Beispiel-IBAN hier;-10,51;;;
DD.MM.YY;DD.MM.YY;Gebucht;Beispielname hier;Beispielname hier;Beispiel Verwendungszweck;Ausgang;Beispiel-IBAN hier;-35,96;;;
DD.MM.YY;DD.MM.YY;Gebucht;Beispielname hier;Beispielname hier;Beispiel Verwendungszweck;Ausgang;Beispiel-IBAN hier;-2;;;
DD.MM.YY;DD.MM.YY;Gebucht;Beispielname hier;Beispielname hier;Beispiel Verwendungszweck;Ausgang;Beispiel-IBAN hier;-3,55;;;
DD.MM.YY;DD.MM.YY;Gebucht;Beispielname hier;Beispielname hier;Beispiel Verwendungszweck;Ausgang;Beispiel-IBAN hier;-13,32;;;
DD.MM.YY;DD.MM.YY;Gebucht;Beispielname hier;Beispielname hier;Beispiel Verwendungszweck;Ausgang;Beispiel-IBAN hier;-100;;;
DD.MM.YY;DD.MM.YY;Gebucht;Beispielname hier;Beispielname hier;Beispiel Verwendungszweck;Ausgang;Beispiel-IBAN hier;-6,48;;;
DD.MM.YY;DD.MM.YY;Gebucht;Beispielname hier;Beispielname hier;Beispiel Verwendungszweck;Ausgang;Beispiel-IBAN hier;-1,25;;;
DD.MM.YY;DD.MM.YY;Gebucht;Beispielname hier;Beispielname hier;Beispiel Verwendungszweck;Eingang;Beispiel-IBAN hier;100;;;
DD.MM.YY;DD.MM.YY;Gebucht;Beispielname hier;Beispielname hier;Beispiel Verwendungszweck;Ausgang;Beispiel-IBAN hier;-52,89;;;
DD.MM.YY;DD.MM.YY;Gebucht;Beispielname hier;Beispielname hier;Beispiel Verwendungszweck;Ausgang;Beispiel-IBAN hier;-16,33;;;
DD.MM.YY;DD.MM.YY;Gebucht;Beispielname hier;Beispielname hier;Beispiel Verwendungszweck;Ausgang;Beispiel-IBAN hier;-31,21;;;
DD.MM.YY;DD.MM.YY;Gebucht;Beispielname hier;Beispielname hier;Beispiel Verwendungszweck;Ausgang;Beispiel-IBAN hier;-8,49;;;
DD.MM.YY;DD.MM.YY;Gebucht;Beispielname hier;Beispielname hier;Beispiel Verwendungszweck;Ausgang;Beispiel-IBAN hier;-1,84;;;
DD.MM.YY;DD.MM.YY;Gebucht;Beispielname hier;Beispielname hier;Beispiel Verwendungszweck;Ausgang;Beispiel-IBAN hier;-3,55;;;
DD.MM.YY;DD.MM.YY;Gebucht;Beispielname hier;Beispielname hier;Beispiel Verwendungszweck;Ausgang;Beispiel-IBAN hier;-26,61;;;
DD.MM.YY;DD.MM.YY;Gebucht;Beispielname hier;Beispielname hier;Beispiel Verwendungszweck;Ausgang;Beispiel-IBAN hier;-1.03;;;
DD.MM.YY;DD.MM.YY;Gebucht;Beispielname hier;Beispielname hier;Beispiel Verwendungszweck;Ausgang;Beispiel-IBAN hier;-1,25;;;
DD.MM.YY;DD.MM.YY;Gebucht;Beispielname hier;Beispielname hier;Beispiel Verwendungszweck;Ausgang;Beispiel-IBAN hier;-2,99;;;
DD.MM.YY;DD.MM.YY;Gebucht;Beispielname hier;Beispielname hier;Beispiel Verwendungszweck;Ausgang;Beispiel-IBAN hier;-15,49;;;
DD.MM.YY;DD.MM.YY;Gebucht;Beispielname hier;Beispielname hier;Beispiel Verwendungszweck;Ausgang;Beispiel-IBAN hier;-4,2;;;
DD.MM.YY;DD.MM.YY;Gebucht;Beispielname hier;Beispielname hier;Beispiel Verwendungszweck;Ausgang;Beispiel-IBAN hier;-49,94;;;
DD.MM.YY;DD.MM.YY;Gebucht;Beispielname hier;Beispielname hier;Beispiel Verwendungszweck;Ausgang;Beispiel-IBAN hier;-39,06;;;
DD.MM.YY;DD.MM.YY;Gebucht;Beispielname hier;Beispielname hier;Beispiel Verwendungszweck;Ausgang;Beispiel-IBAN hier;-65,98;;;
DD.MM.YY;DD.MM.YY;Gebucht;Beispielname hier;Beispielname hier;Beispiel Verwendungszweck;Ausgang;Beispiel-IBAN hier;-4,95;;;
DD.MM.YY;DD.MM.YY;Gebucht;Beispielname hier;Beispielname hier;Beispiel Verwendungszweck;Ausgang;Beispiel-IBAN hier;-4,49;;;
DD.MM.YY;DD.MM.YY;Gebucht;Beispielname hier;Beispielname hier;Beispiel Verwendungszweck;Ausgang;Beispiel-IBAN hier;-30,59;;;
DD.MM.YY;DD.MM.YY;Gebucht;Beispielname hier;Beispielname hier;Beispiel Verwendungszweck;Ausgang;Beispiel-IBAN hier;-34,95;;;
DD.MM.YY;DD.MM.YY;Gebucht;Beispielname hier;Beispielname hier;Beispiel Verwendungszweck;Ausgang;Beispiel-IBAN hier;-60;;;
DD.MM.YY;DD.MM.YY;Gebucht;Beispielname hier;Beispielname hier;Beispiel Verwendungszweck;Ausgang;Beispiel-IBAN hier;-1,25;;;
DD.MM.YY;DD.MM.YY;Gebucht;Beispielname hier;Beispielname hier;Beispiel Verwendungszweck;Eingang;Beispiel-IBAN hier;2.665,18;;;
DD.MM.YY;DD.MM.YY;Gebucht;Beispielname hier;Beispielname hier;Beispiel Verwendungszweck;Ausgang;Beispiel-IBAN hier;-24,84;;;
DD.MM.YY;DD.MM.YY;Gebucht;Beispielname hier;Beispielname hier;Beispiel Verwendungszweck;Ausgang;Beispiel-IBAN hier;-27,87;;;
DD.MM.YY;DD.MM.YY;Gebucht;Beispielname hier;Beispielname hier;Beispiel Verwendungszweck;Ausgang;Beispiel-IBAN hier;-3,99;;;
DD.MM.YY;DD.MM.YY;Gebucht;Beispielname hier;Beispielname hier;Beispiel Verwendungszweck;Ausgang;Beispiel-IBAN hier;-7,08;;;
DD.MM.YY;DD.MM.YY;Gebucht;Beispielname hier;Beispielname hier;Beispiel Verwendungszweck;Ausgang;Beispiel-IBAN hier;-3,55;;;
DD.MM.YY;DD.MM.YY;Gebucht;Beispielname hier;Beispielname hier;Beispiel Verwendungszweck;Ausgang;Beispiel-IBAN hier;-1,25;;;
DD.MM.YY;DD.MM.YY;Gebucht;Beispielname hier;Beispielname hier;Beispiel Verwendungszweck;Ausgang;Beispiel-IBAN hier;-5,78;;;
DD.MM.YY;DD.MM.YY;Gebucht;Beispielname hier;Beispielname hier;Beispiel Verwendungszweck;Ausgang;Beispiel-IBAN hier;-38,36;;;
DD.MM.YY;DD.MM.YY;Gebucht;Beispielname hier;Beispielname hier;Beispiel Verwendungszweck;Ausgang;Beispiel-IBAN hier;-7,37;;;
DD.MM.YY;DD.MM.YY;Gebucht;Beispielname hier;Beispielname hier;Beispiel Verwendungszweck;Ausgang;Beispiel-IBAN hier;-3,55;;;
DD.MM.YY;DD.MM.YY;Gebucht;Beispielname hier;Beispielname hier;Beispiel Verwendungszweck;Ausgang;Beispiel-IBAN hier;-19,99;;;
DD.MM.YY;DD.MM.YY;Gebucht;Beispielname hier;Beispielname hier;Beispiel Verwendungszweck;Ausgang;Beispiel-IBAN hier;-7,99;;;
DD.MM.YY;DD.MM.YY;Gebucht;Beispielname hier;Beispielname hier;Beispiel Verwendungszweck;Ausgang;Beispiel-IBAN hier;-44,61;;;
DD.MM.YY;DD.MM.YY;Gebucht;Beispielname hier;Beispielname hier;Beispiel Verwendungszweck;Ausgang;Beispiel-IBAN hier;-216,03;;;
DD.MM.YY;DD.MM.YY;Gebucht;Beispielname hier;Beispielname hier;Beispiel Verwendungszweck;Ausgang;Beispiel-IBAN hier;-19,36;;;
DD.MM.YY;DD.MM.YY;Gebucht;Beispielname hier;Beispielname hier;Beispiel Verwendungszweck;Ausgang;Beispiel-IBAN hier;-2,99;;;
DD.MM.YY;DD.MM.YY;Gebucht;Beispielname hier;Beispielname hier;Beispiel Verwendungszweck;Ausgang;Beispiel-IBAN hier;-1,05;;;
DD.MM.YY;DD.MM.YY;Gebucht;Beispielname hier;Beispielname hier;Beispiel Verwendungszweck;Ausgang;Beispiel-IBAN hier;-4,08;;;
DD.MM.YY;DD.MM.YY;Gebucht;Beispielname hier;Beispielname hier;Beispiel Verwendungszweck;Ausgang;Beispiel-IBAN hier;-20,77;;;
DD.MM.YY;DD.MM.YY;Gebucht;Beispielname hier;Beispielname hier;Beispiel Verwendungszweck;Ausgang;Beispiel-IBAN hier;-1,2;;;
DD.MM.YY;DD.MM.YY;Gebucht;Beispielname hier;Beispielname hier;Beispiel Verwendungszweck;Ausgang;Beispiel-IBAN hier;-8,99;;;
DD.MM.YY;DD.MM.YY;Gebucht;Beispielname hier;Beispielname hier;Beispiel Verwendungszweck;Ausgang;Beispiel-IBAN hier;-22,31;;;
DD.MM.YY;DD.MM.YY;Gebucht;Beispielname hier;Beispielname hier;Beispiel Verwendungszweck;Ausgang;Beispiel-IBAN hier;-7,68;;;
DD.MM.YY;DD.MM.YY;Gebucht;Beispielname hier;Beispielname hier;Beispiel Verwendungszweck;Ausgang;Beispiel-IBAN hier;-17,66;;;
DD.MM.YY;DD.MM.YY;Gebucht;Beispielname hier;Beispielname hier;Beispiel Verwendungszweck;Ausgang;Beispiel-IBAN hier;-2,8;;;
DD.MM.YY;DD.MM.YY;Gebucht;Beispielname hier;Beispielname hier;Beispiel Verwendungszweck;Ausgang;Beispiel-IBAN hier;-4,69;;;
DD.MM.YY;DD.MM.YY;Gebucht;Beispielname hier;Beispielname hier;Beispiel Verwendungszweck;Ausgang;Beispiel-IBAN hier;-2,45;;;
DD.MM.YY;DD.MM.YY;Gebucht;Beispielname hier;Beispielname hier;Beispiel Verwendungszweck;Ausgang;Beispiel-IBAN hier;-33,14;;;
DD.MM.YY;DD.MM.YY;Gebucht;Beispielname hier;Beispielname hier;Beispiel Verwendungszweck;Ausgang;Beispiel-IBAN hier;-11,88;;;
DD.MM.YY;DD.MM.YY;Gebucht;Beispielname hier;Beispielname hier;Beispiel Verwendungszweck;Ausgang;Beispiel-IBAN hier;-148,37;;;
DD.MM.YY;DD.MM.YY;Gebucht;Beispielname hier;Beispielname hier;Beispiel Verwendungszweck;Ausgang;Beispiel-IBAN hier;-151,11;;;
DD.MM.YY;DD.MM.YY;Gebucht;Beispielname hier;Beispielname hier;Beispiel Verwendungszweck;Ausgang;Beispiel-IBAN hier;-370;;;
DD.MM.YY;DD.MM.YY;Gebucht;Beispielname hier;Beispielname hier;Beispiel Verwendungszweck;Ausgang;Beispiel-IBAN hier;-284,99;;;
DD.MM.YY;DD.MM.YY;Gebucht;Beispielname hier;Beispielname hier;Beispiel Verwendungszweck;Ausgang;Beispiel-IBAN hier;-37,89;;;
DD.MM.YY;DD.MM.YY;Gebucht;Beispielname hier;Beispielname hier;Beispiel Verwendungszweck;Ausgang;Beispiel-IBAN hier;-3,55;;;
DD.MM.YY;DD.MM.YY;Gebucht;Beispielname hier;Beispielname hier;Beispiel Verwendungszweck;Ausgang;Beispiel-IBAN hier;-35,69;;;
DD.MM.YY;DD.MM.YY;Gebucht;Beispielname hier;Beispielname hier;Beispiel Verwendungszweck;Ausgang;Beispiel-IBAN hier;-2,2;;;
DD.MM.YY;DD.MM.YY;Gebucht;Beispielname hier;Beispielname hier;Beispiel Verwendungszweck;Ausgang;Beispiel-IBAN hier;-7,98;;;
DD.MM.YY;DD.MM.YY;Gebucht;Beispielname hier;Beispielname hier;Beispiel Verwendungszweck;Ausgang;Beispiel-IBAN hier;-27;;;
DD.MM.YY;DD.MM.YY;Gebucht;Beispielname hier;Beispielname hier;Beispiel Verwendungszweck;Ausgang;Beispiel-IBAN hier;-588,9;;;
DD.MM.YY;DD.MM.YY;Gebucht;Beispielname hier;Beispielname hier;Beispiel Verwendungszweck;Ausgang;Beispiel-IBAN hier;-9;;;
DD.MM.YY;DD.MM.YY;Gebucht;Beispielname hier;Beispielname hier;Beispiel Verwendungszweck;Ausgang;Beispiel-IBAN hier;-1,05;;;
DD.MM.YY;DD.MM.YY;Gebucht;Beispielname hier;Beispielname hier;Beispiel Verwendungszweck;Ausgang;Beispiel-IBAN hier;-7,22;;;
DD.MM.YY;DD.MM.YY;Gebucht;Beispielname hier;Beispielname hier;Beispiel Verwendungszweck;Ausgang;Beispiel-IBAN hier;-6,27;;;
DD.MM.YY;DD.MM.YY;Gebucht;Beispielname hier;Beispielname hier;Beispiel Verwendungszweck;Ausgang;Beispiel-IBAN hier;-5;;;
DD.MM.YY;DD.MM.YY;Gebucht;Beispielname hier;Beispielname hier;Beispiel Verwendungszweck;Ausgang;Beispiel-IBAN hier;-10,58;;;
DD.MM.YY;DD.MM.YY;Gebucht;Beispielname hier;Beispielname hier;Beispiel Verwendungszweck;Ausgang;Beispiel-IBAN hier;-38,32;;;
DD.MM.YY;DD.MM.YY;Gebucht;Beispielname hier;Beispielname hier;Beispiel Verwendungszweck;Ausgang;Beispiel-IBAN hier;-81,22;;;
DD.MM.YY;DD.MM.YY;Gebucht;Beispielname hier;Beispielname hier;Beispiel Verwendungszweck;Ausgang;Beispiel-IBAN hier;-13,83;;;
DD.MM.YY;DD.MM.YY;Gebucht;Beispielname hier;Beispielname hier;Beispiel Verwendungszweck;Ausgang;Beispiel-IBAN hier;-3,55;;;
DD.MM.YY;DD.MM.YY;Gebucht;Beispielname hier;Beispielname hier;Beispiel Verwendungszweck;Ausgang;Beispiel-IBAN hier;-17,29;;;
DD.MM.YY;DD.MM.YY;Gebucht;Beispielname hier;Beispielname hier;Beispiel Verwendungszweck;Ausgang;Beispiel-IBAN hier;-27,65;;;
DD.MM.YY;DD.MM.YY;Gebucht;Beispielname hier;Beispielname hier;Beispiel Verwendungszweck;Ausgang;Beispiel-IBAN hier;-77,49;;;
DD.MM.YY;DD.MM.YY;Gebucht;Beispielname hier;Beispielname hier;Beispiel Verwendungszweck;Ausgang;Beispiel-IBAN hier;-5,92;;;
DD.MM.YY;DD.MM.YY;Gebucht;Beispielname hier;Beispielname hier;Beispiel Verwendungszweck;Ausgang;Beispiel-IBAN hier;-23,84;;;
DD.MM.YY;DD.MM.YY;Gebucht;Beispielname hier;Beispielname hier;Beispiel Verwendungszweck;Ausgang;Beispiel-IBAN hier;-26,61;;;
DD.MM.YY;DD.MM.YY;Gebucht;Beispielname hier;Beispielname hier;Beispiel Verwendungszweck;Ausgang;Beispiel-IBAN hier;-1.03;;;
DD.MM.YY;DD.MM.YY;Gebucht;Beispielname hier;Beispielname hier;Beispiel Verwendungszweck;Ausgang;Beispiel-IBAN hier;-9,01;;;
DD.MM.YY;DD.MM.YY;Gebucht;Beispielname hier;Beispielname hier;Beispiel Verwendungszweck;Ausgang;Beispiel-IBAN hier;-24,19;;;
DD.MM.YY;DD.MM.YY;Gebucht;Beispielname hier;Beispielname hier;Beispiel Verwendungszweck;Ausgang;Beispiel-IBAN hier;-39,97;;;
DD.MM.YY;DD.MM.YY;Gebucht;Beispielname hier;Beispielname hier;Beispiel Verwendungszweck;Ausgang;Beispiel-IBAN hier;-49,94;;;
DD.MM.YY;DD.MM.YY;Gebucht;Beispielname hier;Beispielname hier;Beispiel Verwendungszweck;Ausgang;Beispiel-IBAN hier;-10;;;
DD.MM.YY;DD.MM.YY;Gebucht;Beispielname hier;Beispielname hier;Beispiel Verwendungszweck;Eingang;Beispiel-IBAN hier;0;;;
DD.MM.YY;DD.MM.YY;Gebucht;Beispielname hier;Beispielname hier;Beispiel Verwendungszweck;Ausgang;Beispiel-IBAN hier;-1,24;;;
DD.MM.YY;DD.MM.YY;Gebucht;Beispielname hier;Beispielname hier;Beispiel Verwendungszweck;Ausgang;Beispiel-IBAN hier;-52,99;;;
DD.MM.YY;DD.MM.YY;Gebucht;Beispielname hier;Beispielname hier;Beispiel Verwendungszweck;Ausgang;Beispiel-IBAN hier;-4,3;;;
DD.MM.YY;DD.MM.YY;Gebucht;Beispielname hier;Beispielname hier;Beispiel Verwendungszweck;Ausgang;Beispiel-IBAN hier;-17,93;;;
DD.MM.YY;DD.MM.YY;Gebucht;Beispielname hier;Beispielname hier;Beispiel Verwendungszweck;Ausgang;Beispiel-IBAN hier;-26,65;;;
DD.MM.YY;DD.MM.YY;Gebucht;Beispielname hier;Beispielname hier;Beispiel Verwendungszweck;Ausgang;Beispiel-IBAN hier;-60;;;
DD.MM.YY;DD.MM.YY;Gebucht;Beispielname hier;Beispielname hier;Beispiel Verwendungszweck;Eingang;Beispiel-IBAN hier;300;;;
DD.MM.YY;DD.MM.YY;Gebucht;Beispielname hier;Beispielname hier;Beispiel Verwendungszweck;Ausgang;Beispiel-IBAN hier;-0,54;;;
DD.MM.YY;DD.MM.YY;Gebucht;Beispielname hier;Beispielname hier;Beispiel Verwendungszweck;Ausgang;Beispiel-IBAN hier;-4,25;;;
DD.MM.YY;DD.MM.YY;Gebucht;Beispielname hier;Beispielname hier;Beispiel Verwendungszweck;Ausgang;Beispiel-IBAN hier;-23,19;;;
DD.MM.YY;DD.MM.YY;Gebucht;Beispielname hier;Beispielname hier;Beispiel Verwendungszweck;Ausgang;Beispiel-IBAN hier;-55,99;;;
DD.MM.YY;DD.MM.YY;Gebucht;Beispielname hier;Beispielname hier;Beispiel Verwendungszweck;Ausgang;Beispiel-IBAN hier;-16,99;;;
DD.MM.YY;DD.MM.YY;Gebucht;Beispielname hier;Beispielname hier;Beispiel Verwendungszweck;Ausgang;Beispiel-IBAN hier;-2,97;;;
DD.MM.YY;DD.MM.YY;Gebucht;Beispielname hier;Beispielname hier;Beispiel Verwendungszweck;Ausgang;Beispiel-IBAN hier;-34,95;;;
DD.MM.YY;DD.MM.YY;Gebucht;Beispielname hier;Beispielname hier;Beispiel Verwendungszweck;Ausgang;Beispiel-IBAN hier;-17,29;;;
DD.MM.YY;DD.MM.YY;Gebucht;Beispielname hier;Beispielname hier;Beispiel Verwendungszweck;Eingang;Beispiel-IBAN hier;2.883,52;;;
DD.MM.YY;DD.MM.YY;Gebucht;Beispielname hier;Beispielname hier;Beispiel Verwendungszweck;Ausgang;Beispiel-IBAN hier;-37,28;;;
DD.MM.YY;DD.MM.YY;Gebucht;Beispielname hier;Beispielname hier;Beispiel Verwendungszweck;Ausgang;Beispiel-IBAN hier;-3,89;;;
DD.MM.YY;DD.MM.YY;Gebucht;Beispielname hier;Beispielname hier;Beispiel Verwendungszweck;Ausgang;Beispiel-IBAN hier;-50;;;
DD.MM.YY;DD.MM.YY;Gebucht;Beispielname hier;Beispielname hier;Beispiel Verwendungszweck;Ausgang;Beispiel-IBAN hier;-17,99;;;
DD.MM.YY;DD.MM.YY;Gebucht;Beispielname hier;Beispielname hier;Beispiel Verwendungszweck;Ausgang;Beispiel-IBAN hier;-21,74;;;
DD.MM.YY;DD.MM.YY;Gebucht;Beispielname hier;Beispielname hier;Beispiel Verwendungszweck;Ausgang;Beispiel-IBAN hier;-3,65;;;
DD.MM.YY;DD.MM.YY;Gebucht;Beispielname hier;Beispielname hier;Beispiel Verwendungszweck;Ausgang;Beispiel-IBAN hier;-2,7;;;
DD.MM.YY;DD.MM.YY;Gebucht;Beispielname hier;Beispielname hier;Beispiel Verwendungszweck;Ausgang;Beispiel-IBAN hier;-3,99;;;
DD.MM.YY;DD.MM.YY;Gebucht;Beispielname hier;Beispielname hier;Beispiel Verwendungszweck;Ausgang;Beispiel-IBAN hier;-27,89;;;
DD.MM.YY;DD.MM.YY;Gebucht;Beispielname hier;Beispielname hier;Beispiel Verwendungszweck;Ausgang;Beispiel-IBAN hier;-6,35;;;
DD.MM.YY;DD.MM.YY;Gebucht;Beispielname hier;Beispielname hier;Beispiel Verwendungszweck;Ausgang;Beispiel-IBAN hier;-46,95;;;
DD.MM.YY;DD.MM.YY;Gebucht;Beispielname hier;Beispielname hier;Beispiel Verwendungszweck;Ausgang;Beispiel-IBAN hier;-3,35;;;
DD.MM.YY;DD.MM.YY;Gebucht;Beispielname hier;Beispielname hier;Beispiel Verwendungszweck;Ausgang;Beispiel-IBAN hier;-55,08;;;
DD.MM.YY;DD.MM.YY;Gebucht;Beispielname hier;Beispielname hier;Beispiel Verwendungszweck;Ausgang;Beispiel-IBAN hier;-10,78;;;
DD.MM.YY;DD.MM.YY;Gebucht;Beispielname hier;Beispielname hier;Beispiel Verwendungszweck;Ausgang;Beispiel-IBAN hier;-55,98;;;
DD.MM.YY;DD.MM.YY;Gebucht;Beispielname hier;Beispielname hier;Beispiel Verwendungszweck;Ausgang;Beispiel-IBAN hier;-4,3;;;
DD.MM.YY;DD.MM.YY;Gebucht;Beispielname hier;Beispielname hier;Beispiel Verwendungszweck;Ausgang;Beispiel-IBAN hier;-15;;;
DD.MM.YY;DD.MM.YY;Gebucht;Beispielname hier;Beispielname hier;Beispiel Verwendungszweck;Ausgang;Beispiel-IBAN hier;-19,42;;;
DD.MM.YY;DD.MM.YY;Gebucht;Beispielname hier;Beispielname hier;Beispiel Verwendungszweck;Ausgang;Beispiel-IBAN hier;-41,97;;;
DD.MM.YY;DD.MM.YY;Gebucht;Beispielname hier;Beispielname hier;Beispiel Verwendungszweck;Ausgang;Beispiel-IBAN hier;-0,94;;;
DD.MM.YY;DD.MM.YY;Gebucht;Beispielname hier;Beispielname hier;Beispiel Verwendungszweck;Ausgang;Beispiel-IBAN hier;-1;;;
DD.MM.YY;DD.MM.YY;Gebucht;Beispielname hier;Beispielname hier;Beispiel Verwendungszweck;Eingang;Beispiel-IBAN hier;243;;;
DD.MM.YY;DD.MM.YY;Gebucht;Beispielname hier;Beispielname hier;Beispiel Verwendungszweck;Ausgang;Beispiel-IBAN hier;-5,04;;;
DD.MM.YY;DD.MM.YY;Gebucht;Beispielname hier;Beispielname hier;Beispiel Verwendungszweck;Ausgang;Beispiel-IBAN hier;-36,83;;;
DD.MM.YY;DD.MM.YY;Gebucht;Beispielname hier;Beispielname hier;Beispiel Verwendungszweck;Ausgang;Beispiel-IBAN hier;-6,68;;;
DD.MM.YY;DD.MM.YY;Gebucht;Beispielname hier;Beispielname hier;Beispiel Verwendungszweck;Ausgang;Beispiel-IBAN hier;-3,35;;;
DD.MM.YY;DD.MM.YY;Gebucht;Beispielname hier;Beispielname hier;Beispiel Verwendungszweck;Ausgang;Beispiel-IBAN hier;-49;;;
DD.MM.YY;DD.MM.YY;Gebucht;Beispielname hier;Beispielname hier;Beispiel Verwendungszweck;Ausgang;Beispiel-IBAN hier;-5;;;
DD.MM.YY;DD.MM.YY;Gebucht;Beispielname hier;Beispielname hier;Beispiel Verwendungszweck;Ausgang;Beispiel-IBAN hier;-36,75;;;
DD.MM.YY;DD.MM.YY;Gebucht;Beispielname hier;Beispielname hier;Beispiel Verwendungszweck;Ausgang;Beispiel-IBAN hier;-8,67;;;
DD.MM.YY;DD.MM.YY;Gebucht;Beispielname hier;Beispielname hier;Beispiel Verwendungszweck;Ausgang;Beispiel-IBAN hier;-15,1;;;
DD.MM.YY;DD.MM.YY;Gebucht;Beispielname hier;Beispielname hier;Beispiel Verwendungszweck;Ausgang;Beispiel-IBAN hier;-22,99;;;
DD.MM.YY;DD.MM.YY;Gebucht;Beispielname hier;Beispielname hier;Beispiel Verwendungszweck;Ausgang;Beispiel-IBAN hier;-17,3;;;
DD.MM.YY;DD.MM.YY;Gebucht;Beispielname hier;Beispielname hier;Beispiel Verwendungszweck;Ausgang;Beispiel-IBAN hier;-97,88;;;
DD.MM.YY;DD.MM.YY;Gebucht;Beispielname hier;Beispielname hier;Beispiel Verwendungszweck;Ausgang;Beispiel-IBAN hier;-5,09;;;
DD.MM.YY;DD.MM.YY;Gebucht;Beispielname hier;Beispielname hier;Beispiel Verwendungszweck;Ausgang;Beispiel-IBAN hier;-83,79;;;
DD.MM.YY;DD.MM.YY;Gebucht;Beispielname hier;Beispielname hier;Beispiel Verwendungszweck;Ausgang;Beispiel-IBAN hier;-34,95;;;
DD.MM.YY;DD.MM.YY;Gebucht;Beispielname hier;Beispielname hier;Beispiel Verwendungszweck;Ausgang;Beispiel-IBAN hier;-1.03;;;
DD.MM.YY;DD.MM.YY;Gebucht;Beispielname hier;Beispielname hier;Beispiel Verwendungszweck;Ausgang;Beispiel-IBAN hier;-32,31;;;
DD.MM.YY;DD.MM.YY;Gebucht;Beispielname hier;Beispielname hier;Beispiel Verwendungszweck;Ausgang;Beispiel-IBAN hier;-191,76;;;
DD.MM.YY;DD.MM.YY;Gebucht;Beispielname hier;Beispielname hier;Beispiel Verwendungszweck;Ausgang;Beispiel-IBAN hier;-3,9;;;
DD.MM.YY;DD.MM.YY;Gebucht;Beispielname hier;Beispielname hier;Beispiel Verwendungszweck;Ausgang;Beispiel-IBAN hier;-5,45;;;
DD.MM.YY;DD.MM.YY;Gebucht;Beispielname hier;Beispielname hier;Beispiel Verwendungszweck;Ausgang;Beispiel-IBAN hier;-27;;;
DD.MM.YY;DD.MM.YY;Gebucht;Beispielname hier;Beispielname hier;Beispiel Verwendungszweck;Ausgang;Beispiel-IBAN hier;-60;;;
DD.MM.YY;DD.MM.YY;Gebucht;Beispielname hier;Beispielname hier;Beispiel Verwendungszweck;Ausgang;Beispiel-IBAN hier;-209,4;;;
DD.MM.YY;DD.MM.YY;Gebucht;Beispielname hier;Beispielname hier;Beispiel Verwendungszweck;Ausgang;Beispiel-IBAN hier;-10,35;;;
DD.MM.YY;DD.MM.YY;Gebucht;Beispielname hier;Beispielname hier;Beispiel Verwendungszweck;Ausgang;Beispiel-IBAN hier;-6,5;;;
DD.MM.YY;DD.MM.YY;Gebucht;Beispielname hier;Beispielname hier;Beispiel Verwendungszweck;Ausgang;Beispiel-IBAN hier;-5,94;;;
DD.MM.YY;DD.MM.YY;Gebucht;Beispielname hier;Beispielname hier;Beispiel Verwendungszweck;Ausgang;Beispiel-IBAN hier;-15,35;;;
DD.MM.YY;DD.MM.YY;Gebucht;Beispielname hier;Beispielname hier;Beispiel Verwendungszweck;Ausgang;Beispiel-IBAN hier;-5,35;;;
DD.MM.YY;DD.MM.YY;Gebucht;Beispielname hier;Beispielname hier;Beispiel Verwendungszweck;Ausgang;Beispiel-IBAN hier;-3,99;;;
DD.MM.YY;DD.MM.YY;Gebucht;Beispielname hier;Beispielname hier;Beispiel Verwendungszweck;Ausgang;Beispiel-IBAN hier;-8,99;;;
DD.MM.YY;DD.MM.YY;Gebucht;Beispielname hier;Beispielname hier;Beispiel Verwendungszweck;Ausgang;Beispiel-IBAN hier;-49,94;;;
DD.MM.YY;DD.MM.YY;Gebucht;Beispielname hier;Beispielname hier;Beispiel Verwendungszweck;Eingang;Beispiel-IBAN hier;3.093,07;;;
DD.MM.YY;DD.MM.YY;Gebucht;Beispielname hier;Beispielname hier;Beispiel Verwendungszweck;Ausgang;Beispiel-IBAN hier;-29,99;;;
DD.MM.YY;DD.MM.YY;Gebucht;Beispielname hier;Beispielname hier;Beispiel Verwendungszweck;Ausgang;Beispiel-IBAN hier;-32,99;;;
DD.MM.YY;DD.MM.YY;Gebucht;Beispielname hier;Beispielname hier;Beispiel Verwendungszweck;Ausgang;Beispiel-IBAN hier;-32,37;;;
DD.MM.YY;DD.MM.YY;Gebucht;Beispielname hier;Beispielname hier;Beispiel Verwendungszweck;Ausgang;Beispiel-IBAN hier;-10,06;;;
DD.MM.YY;DD.MM.YY;Gebucht;Beispielname hier;Beispielname hier;Beispiel Verwendungszweck;Ausgang;Beispiel-IBAN hier;-21,94;;;
DD.MM.YY;DD.MM.YY;Gebucht;Beispielname hier;Beispielname hier;Beispiel Verwendungszweck;Ausgang;Beispiel-IBAN hier;-3,55;;;
DD.MM.YY;DD.MM.YY;Gebucht;Beispielname hier;Beispielname hier;Beispiel Verwendungszweck;Ausgang;Beispiel-IBAN hier;-1,25;;;
DD.MM.YY;DD.MM.YY;Gebucht;Beispielname hier;Beispielname hier;Beispiel Verwendungszweck;Ausgang;Beispiel-IBAN hier;-18,52;;;
DD.MM.YY;DD.MM.YY;Gebucht;Beispielname hier;Beispielname hier;Beispiel Verwendungszweck;Ausgang;Beispiel-IBAN hier;-32,39;;;
DD.MM.YY;DD.MM.YY;Gebucht;Beispielname hier;Beispielname hier;Beispiel Verwendungszweck;Ausgang;Beispiel-IBAN hier;-6,75;;;
DD.MM.YY;DD.MM.YY;Gebucht;Beispielname hier;Beispielname hier;Beispiel Verwendungszweck;Ausgang;Beispiel-IBAN hier;-16,5;;;
DD.MM.YY;DD.MM.YY;Gebucht;Beispielname hier;Beispielname hier;Beispiel Verwendungszweck;Ausgang;Beispiel-IBAN hier;-1,24;;;
DD.MM.YY;DD.MM.YY;Gebucht;Beispielname hier;Beispielname hier;Beispiel Verwendungszweck;Ausgang;Beispiel-IBAN hier;-36,81;;;
DD.MM.YY;DD.MM.YY;Gebucht;Beispielname hier;Beispielname hier;Beispiel Verwendungszweck;Ausgang;Beispiel-IBAN hier;-7,75;;;
DD.MM.YY;DD.MM.YY;Gebucht;Beispielname hier;Beispielname hier;Beispiel Verwendungszweck;Ausgang;Beispiel-IBAN hier;-8,57;;;
DD.MM.YY;DD.MM.YY;Gebucht;Beispielname hier;Beispielname hier;Beispiel Verwendungszweck;Ausgang;Beispiel-IBAN hier;-1,29;;;
DD.MM.YY;DD.MM.YY;Gebucht;Beispielname hier;Beispielname hier;Beispiel Verwendungszweck;Ausgang;Beispiel-IBAN hier;-22,3;;;
DD.MM.YY;DD.MM.YY;Gebucht;Beispielname hier;Beispielname hier;Beispiel Verwendungszweck;Ausgang;Beispiel-IBAN hier;-13,68;;;
DD.MM.YY;DD.MM.YY;Gebucht;Beispielname hier;Beispielname hier;Beispiel Verwendungszweck;Ausgang;Beispiel-IBAN hier;-24,95;;;
DD.MM.YY;DD.MM.YY;Gebucht;Beispielname hier;Beispielname hier;Beispiel Verwendungszweck;Ausgang;Beispiel-IBAN hier;-32,29;;;
DD.MM.YY;DD.MM.YY;Gebucht;Beispielname hier;Beispielname hier;Beispiel Verwendungszweck;Ausgang;Beispiel-IBAN hier;-13,23;;;
DD.MM.YY;DD.MM.YY;Gebucht;Beispielname hier;Beispielname hier;Beispiel Verwendungszweck;Ausgang;Beispiel-IBAN hier;-5,44;;;
DD.MM.YY;DD.MM.YY;Gebucht;Beispielname hier;Beispielname hier;Beispiel Verwendungszweck;Ausgang;Beispiel-IBAN hier;-24,58;;;
DD.MM.YY;DD.MM.YY;Gebucht;Beispielname hier;Beispielname hier;Beispiel Verwendungszweck;Ausgang;Beispiel-IBAN hier;-12,76;;;
DD.MM.YY;DD.MM.YY;Gebucht;Beispielname hier;Beispielname hier;Beispiel Verwendungszweck;Ausgang;Beispiel-IBAN hier;-5,95;;;
DD.MM.YY;DD.MM.YY;Gebucht;Beispielname hier;Beispielname hier;Beispiel Verwendungszweck;Ausgang;Beispiel-IBAN hier;-1;;;
DD.MM.YY;DD.MM.YY;Gebucht;Beispielname hier;Beispielname hier;Beispiel Verwendungszweck;Ausgang;Beispiel-IBAN hier;-17,61;;;
DD.MM.YY;DD.MM.YY;Gebucht;Beispielname hier;Beispielname hier;Beispiel Verwendungszweck;Ausgang;Beispiel-IBAN hier;-1,7;;;
DD.MM.YY;DD.MM.YY;Gebucht;Beispielname hier;Beispielname hier;Beispiel Verwendungszweck;Ausgang;Beispiel-IBAN hier;-2,99;;;
DD.MM.YY;DD.MM.YY;Gebucht;Beispielname hier;Beispielname hier;Beispiel Verwendungszweck;Ausgang;Beispiel-IBAN hier;-13,21;;;
DD.MM.YY;DD.MM.YY;Gebucht;Beispielname hier;Beispielname hier;Beispiel Verwendungszweck;Ausgang;Beispiel-IBAN hier;-3,55;;;
DD.MM.YY;DD.MM.YY;Gebucht;Beispielname hier;Beispielname hier;Beispiel Verwendungszweck;Ausgang;Beispiel-IBAN hier;-34,59;;;
DD.MM.YY;DD.MM.YY;Gebucht;Beispielname hier;Beispielname hier;Beispiel Verwendungszweck;Ausgang;Beispiel-IBAN hier;-8,62;;;
DD.MM.YY;DD.MM.YY;Gebucht;Beispielname hier;Beispielname hier;Beispiel Verwendungszweck;Ausgang;Beispiel-IBAN hier;-1,45;;;
DD.MM.YY;DD.MM.YY;Gebucht;Beispielname hier;Beispielname hier;Beispiel Verwendungszweck;Ausgang;Beispiel-IBAN hier;-31,09;;;
DD.MM.YY;DD.MM.YY;Gebucht;Beispielname hier;Beispielname hier;Beispiel Verwendungszweck;Ausgang;Beispiel-IBAN hier;-5,09;;;
DD.MM.YY;DD.MM.YY;Gebucht;Beispielname hier;Beispielname hier;Beispiel Verwendungszweck;Ausgang;Beispiel-IBAN hier;-5;;;
DD.MM.YY;DD.MM.YY;Gebucht;Beispielname hier;Beispielname hier;Beispiel Verwendungszweck;Ausgang;Beispiel-IBAN hier;-3,99;;;
DD.MM.YY;DD.MM.YY;Gebucht;Beispielname hier;Beispielname hier;Beispiel Verwendungszweck;Ausgang;Beispiel-IBAN hier;-5;;;
DD.MM.YY;DD.MM.YY;Gebucht;Beispielname hier;Beispielname hier;Beispiel Verwendungszweck;Ausgang;Beispiel-IBAN hier;-15,1;;;
DD.MM.YY;DD.MM.YY;Gebucht;Beispielname hier;Beispielname hier;Beispiel Verwendungszweck;Ausgang;Beispiel-IBAN hier;-3,55;;;
DD.MM.YY;DD.MM.YY;Gebucht;Beispielname hier;Beispielname hier;Beispiel Verwendungszweck;Ausgang;Beispiel-IBAN hier;-25;;;
DD.MM.YY;DD.MM.YY;Gebucht;Beispielname hier;Beispielname hier;Beispiel Verwendungszweck;Ausgang;Beispiel-IBAN hier;-18,03;;;
DD.MM.YY;DD.MM.YY;Gebucht;Beispielname hier;Beispielname hier;Beispiel Verwendungszweck;Eingang;Beispiel-IBAN hier;27,8;;;
DD.MM.YY;DD.MM.YY;Gebucht;Beispielname hier;Beispielname hier;Beispiel Verwendungszweck;Ausgang;Beispiel-IBAN hier;-22,29;;;
DD.MM.YY;DD.MM.YY;Gebucht;Beispielname hier;Beispielname hier;Beispiel Verwendungszweck;Ausgang;Beispiel-IBAN hier;-27,99;;;
DD.MM.YY;DD.MM.YY;Gebucht;Beispielname hier;Beispielname hier;Beispiel Verwendungszweck;Ausgang;Beispiel-IBAN hier;-1.03;;;
DD.MM.YY;DD.MM.YY;Gebucht;Beispielname hier;Beispielname hier;Beispiel Verwendungszweck;Ausgang;Beispiel-IBAN hier;-49;;;
DD.MM.YY;DD.MM.YY;Gebucht;Beispielname hier;Beispielname hier;Beispiel Verwendungszweck;Ausgang;Beispiel-IBAN hier;-32,31;;;
DD.MM.YY;DD.MM.YY;Gebucht;Beispielname hier;Beispielname hier;Beispiel Verwendungszweck;Eingang;Beispiel-IBAN hier;73;;;
DD.MM.YY;DD.MM.YY;Gebucht;Beispielname hier;Beispielname hier;Beispiel Verwendungszweck;Ausgang;Beispiel-IBAN hier;-20,79;;;
DD.MM.YY;DD.MM.YY;Gebucht;Beispielname hier;Beispielname hier;Beispiel Verwendungszweck;Ausgang;Beispiel-IBAN hier;-9,32;;;
DD.MM.YY;DD.MM.YY;Gebucht;Beispielname hier;Beispielname hier;Beispiel Verwendungszweck;Ausgang;Beispiel-IBAN hier;-14,6;;;
DD.MM.YY;DD.MM.YY;Gebucht;Beispielname hier;Beispielname hier;Beispiel Verwendungszweck;Ausgang;Beispiel-IBAN hier;-29,3;;;
DD.MM.YY;DD.MM.YY;Gebucht;Beispielname hier;Beispielname hier;Beispiel Verwendungszweck;Ausgang;Beispiel-IBAN hier;-3,49;;;
DD.MM.YY;DD.MM.YY;Gebucht;Beispielname hier;Beispielname hier;Beispiel Verwendungszweck;Ausgang;Beispiel-IBAN hier;-1,45;;;
DD.MM.YY;DD.MM.YY;Gebucht;Beispielname hier;Beispielname hier;Beispiel Verwendungszweck;Ausgang;Beispiel-IBAN hier;-36,8;;;
DD.MM.YY;DD.MM.YY;Gebucht;Beispielname hier;Beispielname hier;Beispiel Verwendungszweck;Ausgang;Beispiel-IBAN hier;-26,9;;;
DD.MM.YY;DD.MM.YY;Gebucht;Beispielname hier;Beispielname hier;Beispiel Verwendungszweck;Ausgang;Beispiel-IBAN hier;-2,2;;;
DD.MM.YY;DD.MM.YY;Gebucht;Beispielname hier;Beispielname hier;Beispiel Verwendungszweck;Ausgang;Beispiel-IBAN hier;-3;;;
DD.MM.YY;DD.MM.YY;Gebucht;Beispielname hier;Beispielname hier;Beispiel Verwendungszweck;Ausgang;Beispiel-IBAN hier;-49,94;;;
DD.MM.YY;DD.MM.YY;Gebucht;Beispielname hier;Beispielname hier;Beispiel Verwendungszweck;Ausgang;Beispiel-IBAN hier;-27,89;;;
DD.MM.YY;DD.MM.YY;Gebucht;Beispielname hier;Beispielname hier;Beispiel Verwendungszweck;Ausgang;Beispiel-IBAN hier;-14,22;;;
DD.MM.YY;DD.MM.YY;Gebucht;Beispielname hier;Beispielname hier;Beispiel Verwendungszweck;Ausgang;Beispiel-IBAN hier;-22,75;;;
DD.MM.YY;DD.MM.YY;Gebucht;Beispielname hier;Beispielname hier;Beispiel Verwendungszweck;Ausgang;Beispiel-IBAN hier;-67,33;;;
DD.MM.YY;DD.MM.YY;Gebucht;Beispielname hier;Beispielname hier;Beispiel Verwendungszweck;Ausgang;Beispiel-IBAN hier;-19,19;;;
DD.MM.YY;DD.MM.YY;Gebucht;Beispielname hier;Beispielname hier;Beispiel Verwendungszweck;Ausgang;Beispiel-IBAN hier;-4,6;;;
DD.MM.YY;DD.MM.YY;Gebucht;Beispielname hier;Beispielname hier;Beispiel Verwendungszweck;Ausgang;Beispiel-IBAN hier;-60;;;
DD.MM.YY;DD.MM.YY;Gebucht;Beispielname hier;Beispielname hier;Beispiel Verwendungszweck;Ausgang;Beispiel-IBAN hier;-62,75;;;
DD.MM.YY;DD.MM.YY;Gebucht;Beispielname hier;Beispielname hier;Beispiel Verwendungszweck;Ausgang;Beispiel-IBAN hier;-6,27;;;
DD.MM.YY;DD.MM.YY;Gebucht;Beispielname hier;Beispielname hier;Beispiel Verwendungszweck;Ausgang;Beispiel-IBAN hier;-18,47;;;
DD.MM.YY;DD.MM.YY;Gebucht;Beispielname hier;Beispielname hier;Beispiel Verwendungszweck;Ausgang;Beispiel-IBAN hier;-32,99;;;
DD.MM.YY;DD.MM.YY;Gebucht;Beispielname hier;Beispielname hier;Beispiel Verwendungszweck;Eingang;Beispiel-IBAN hier;2.682,85;;;
DD.MM.YY;DD.MM.YY;Gebucht;Beispielname hier;Beispielname hier;Beispiel Verwendungszweck;Ausgang;Beispiel-IBAN hier;-9,12;;;
DD.MM.YY;DD.MM.YY;Gebucht;Beispielname hier;Beispielname hier;Beispiel Verwendungszweck;Ausgang;Beispiel-IBAN hier;-17,18;;;
DD.MM.YY;DD.MM.YY;Gebucht;Beispielname hier;Beispielname hier;Beispiel Verwendungszweck;Ausgang;Beispiel-IBAN hier;-9,49;;;
DD.MM.YY;DD.MM.YY;Gebucht;Beispielname hier;Beispielname hier;Beispiel Verwendungszweck;Ausgang;Beispiel-IBAN hier;-1,45;;;
DD.MM.YY;DD.MM.YY;Gebucht;Beispielname hier;Beispielname hier;Beispiel Verwendungszweck;Ausgang;Beispiel-IBAN hier;-28,39;;;
DD.MM.YY;DD.MM.YY;Gebucht;Beispielname hier;Beispielname hier;Beispiel Verwendungszweck;Ausgang;Beispiel-IBAN hier;-8,74;;;
DD.MM.YY;DD.MM.YY;Gebucht;Beispielname hier;Beispielname hier;Beispiel Verwendungszweck;Ausgang;Beispiel-IBAN hier;-14,41;;;
DD.MM.YY;DD.MM.YY;Gebucht;Beispielname hier;Beispielname hier;Beispiel Verwendungszweck;Ausgang;Beispiel-IBAN hier;-4,69;;;
DD.MM.YY;DD.MM.YY;Gebucht;Beispielname hier;Beispielname hier;Beispiel Verwendungszweck;Ausgang;Beispiel-IBAN hier;-898,32;;;
DD.MM.YY;DD.MM.YY;Gebucht;Beispielname hier;Beispielname hier;Beispiel Verwendungszweck;Ausgang;Beispiel-IBAN hier;-32,85;;;
DD.MM.YY;DD.MM.YY;Gebucht;Beispielname hier;Beispielname hier;Beispiel Verwendungszweck;Ausgang;Beispiel-IBAN hier;-2,99;;;
DD.MM.YY;DD.MM.YY;Gebucht;Beispielname hier;Beispielname hier;Beispiel Verwendungszweck;Ausgang;Beispiel-IBAN hier;-24,82;;;
DD.MM.YY;DD.MM.YY;Gebucht;Beispielname hier;Beispielname hier;Beispiel Verwendungszweck;Ausgang;Beispiel-IBAN hier;-12,45;;;
DD.MM.YY;DD.MM.YY;Gebucht;Beispielname hier;Beispielname hier;Beispiel Verwendungszweck;Ausgang;Beispiel-IBAN hier;-4,47;;;
DD.MM.YY;DD.MM.YY;Gebucht;Beispielname hier;Beispielname hier;Beispiel Verwendungszweck;Ausgang;Beispiel-IBAN hier;-1,45;;;
DD.MM.YY;DD.MM.YY;Gebucht;Beispielname hier;Beispielname hier;Beispiel Verwendungszweck;Ausgang;Beispiel-IBAN hier;-3,49;;;
DD.MM.YY;DD.MM.YY;Gebucht;Beispielname hier;Beispielname hier;Beispiel Verwendungszweck;Ausgang;Beispiel-IBAN hier;-3,99;;;
DD.MM.YY;DD.MM.YY;Gebucht;Beispielname hier;Beispielname hier;Beispiel Verwendungszweck;Ausgang;Beispiel-IBAN hier;-20,09;;;
DD.MM.YY;DD.MM.YY;Gebucht;Beispielname hier;Beispielname hier;Beispiel Verwendungszweck;Ausgang;Beispiel-IBAN hier;-1,45;;;
DD.MM.YY;DD.MM.YY;Gebucht;Beispielname hier;Beispielname hier;Beispiel Verwendungszweck;Ausgang;Beispiel-IBAN hier;-24;;;
DD.MM.YY;DD.MM.YY;Gebucht;Beispielname hier;Beispielname hier;Beispiel Verwendungszweck;Ausgang;Beispiel-IBAN hier;-19,36;;;
DD.MM.YY;DD.MM.YY;Gebucht;Beispielname hier;Beispielname hier;Beispiel Verwendungszweck;Ausgang;Beispiel-IBAN hier;-10,6;;;
DD.MM.YY;DD.MM.YY;Gebucht;Beispielname hier;Beispielname hier;Beispiel Verwendungszweck;Ausgang;Beispiel-IBAN hier;-1,95;;;
DD.MM.YY;DD.MM.YY;Gebucht;Beispielname hier;Beispielname hier;Beispiel Verwendungszweck;Ausgang;Beispiel-IBAN hier;-30;;;
DD.MM.YY;DD.MM.YY;Gebucht;Beispielname hier;Beispielname hier;Beispiel Verwendungszweck;Ausgang;Beispiel-IBAN hier;-26,73;;;
DD.MM.YY;DD.MM.YY;Gebucht;Beispielname hier;Beispielname hier;Beispiel Verwendungszweck;Ausgang;Beispiel-IBAN hier;-4,99;;;
DD.MM.YY;DD.MM.YY;Gebucht;Beispielname hier;Beispielname hier;Beispiel Verwendungszweck;Ausgang;Beispiel-IBAN hier;-3,75;;;
DD.MM.YY;DD.MM.YY;Gebucht;Beispielname hier;Beispielname hier;Beispiel Verwendungszweck;Ausgang;Beispiel-IBAN hier;-8,86;;;
DD.MM.YY;DD.MM.YY;Gebucht;Beispielname hier;Beispielname hier;Beispiel Verwendungszweck;Ausgang;Beispiel-IBAN hier;-13;;;
DD.MM.YY;DD.MM.YY;Gebucht;Beispielname hier;Beispielname hier;Beispiel Verwendungszweck;Ausgang;Beispiel-IBAN hier;-3,08;;;
DD.MM.YY;DD.MM.YY;Gebucht;Beispielname hier;Beispielname hier;Beispiel Verwendungszweck;Ausgang;Beispiel-IBAN hier;-3,55;;;
DD.MM.YY;DD.MM.YY;Gebucht;Beispielname hier;Beispielname hier;Beispiel Verwendungszweck;Ausgang;Beispiel-IBAN hier;-5;;;
DD.MM.YY;DD.MM.YY;Gebucht;Beispielname hier;Beispielname hier;Beispiel Verwendungszweck;Ausgang;Beispiel-IBAN hier;-40,7;;;
DD.MM.YY;DD.MM.YY;Gebucht;Beispielname hier;Beispielname hier;Beispiel Verwendungszweck;Ausgang;Beispiel-IBAN hier;-28,43;;;
DD.MM.YY;DD.MM.YY;Gebucht;Beispielname hier;Beispielname hier;Beispiel Verwendungszweck;Ausgang;Beispiel-IBAN hier;-1,45;;;
DD.MM.YY;DD.MM.YY;Gebucht;Beispielname hier;Beispielname hier;Beispiel Verwendungszweck;Ausgang;Beispiel-IBAN hier;-11,48;;;
DD.MM.YY;DD.MM.YY;Gebucht;Beispielname hier;Beispielname hier;Beispiel Verwendungszweck;Ausgang;Beispiel-IBAN hier;-1,45;;;
DD.MM.YY;DD.MM.YY;Gebucht;Beispielname hier;Beispielname hier;Beispiel Verwendungszweck;Ausgang;Beispiel-IBAN hier;-9,38;;;
DD.MM.YY;DD.MM.YY;Gebucht;Beispielname hier;Beispielname hier;Beispiel Verwendungszweck;Ausgang;Beispiel-IBAN hier;-4,49;;;
DD.MM.YY;DD.MM.YY;Gebucht;Beispielname hier;Beispielname hier;Beispiel Verwendungszweck;Ausgang;Beispiel-IBAN hier;-29,8;;;
DD.MM.YY;DD.MM.YY;Gebucht;Beispielname hier;Beispielname hier;Beispiel Verwendungszweck;Ausgang;Beispiel-IBAN hier;-16,87;;;
DD.MM.YY;DD.MM.YY;Gebucht;Beispielname hier;Beispielname hier;Beispiel Verwendungszweck;Ausgang;Beispiel-IBAN hier;-5;;;
DD.MM.YY;DD.MM.YY;Gebucht;Beispielname hier;Beispielname hier;Beispiel Verwendungszweck;Ausgang;Beispiel-IBAN hier;-4,6;;;
DD.MM.YY;DD.MM.YY;Gebucht;Beispielname hier;Beispielname hier;Beispiel Verwendungszweck;Ausgang;Beispiel-IBAN hier;-8,97;;;
DD.MM.YY;DD.MM.YY;Gebucht;Beispielname hier;Beispielname hier;Beispiel Verwendungszweck;Ausgang;Beispiel-IBAN hier;-5;;;
DD.MM.YY;DD.MM.YY;Gebucht;Beispielname hier;Beispielname hier;Beispiel Verwendungszweck;Ausgang;Beispiel-IBAN hier;-5;;;
DD.MM.YY;DD.MM.YY;Gebucht;Beispielname hier;Beispielname hier;Beispiel Verwendungszweck;Ausgang;Beispiel-IBAN hier;-12,31;;;
DD.MM.YY;DD.MM.YY;Gebucht;Beispielname hier;Beispielname hier;Beispiel Verwendungszweck;Ausgang;Beispiel-IBAN hier;-39,99;;;
DD.MM.YY;DD.MM.YY;Gebucht;Beispielname hier;Beispielname hier;Beispiel Verwendungszweck;Ausgang;Beispiel-IBAN hier;-30,59;;;
DD.MM.YY;DD.MM.YY;Gebucht;Beispielname hier;Beispielname hier;Beispiel Verwendungszweck;Ausgang;Beispiel-IBAN hier;-5,55;;;
DD.MM.YY;DD.MM.YY;Gebucht;Beispielname hier;Beispielname hier;Beispiel Verwendungszweck;Ausgang;Beispiel-IBAN hier;-19,24;;;
DD.MM.YY;DD.MM.YY;Gebucht;Beispielname hier;Beispielname hier;Beispiel Verwendungszweck;Ausgang;Beispiel-IBAN hier;-4,25;;;
DD.MM.YY;DD.MM.YY;Gebucht;Beispielname hier;Beispielname hier;Beispiel Verwendungszweck;Ausgang;Beispiel-IBAN hier;-8,35;;;
DD.MM.YY;DD.MM.YY;Gebucht;Beispielname hier;Beispielname hier;Beispiel Verwendungszweck;Ausgang;Beispiel-IBAN hier;-20,9;;;
DD.MM.YY;DD.MM.YY;Gebucht;Beispielname hier;Beispielname hier;Beispiel Verwendungszweck;Ausgang;Beispiel-IBAN hier;-2,09;;;
DD.MM.YY;DD.MM.YY;Gebucht;Beispielname hier;Beispielname hier;Beispiel Verwendungszweck;Ausgang;Beispiel-IBAN hier;-27,93;;;
DD.MM.YY;DD.MM.YY;Gebucht;Beispielname hier;Beispielname hier;Beispiel Verwendungszweck;Ausgang;Beispiel-IBAN hier;-6,73;;;
DD.MM.YY;DD.MM.YY;Gebucht;Beispielname hier;Beispielname hier;Beispiel Verwendungszweck;Ausgang;Beispiel-IBAN hier;-1,55;;;
DD.MM.YY;DD.MM.YY;Gebucht;Beispielname hier;Beispielname hier;Beispiel Verwendungszweck;Ausgang;Beispiel-IBAN hier;-29,96;;;
DD.MM.YY;DD.MM.YY;Gebucht;Beispielname hier;Beispielname hier;Beispiel Verwendungszweck;Ausgang;Beispiel-IBAN hier;-20,89;;;
DD.MM.YY;DD.MM.YY;Gebucht;Beispielname hier;Beispielname hier;Beispiel Verwendungszweck;Ausgang;Beispiel-IBAN hier;-2,95;;;
DD.MM.YY;DD.MM.YY;Gebucht;Beispielname hier;Beispielname hier;Beispiel Verwendungszweck;Ausgang;Beispiel-IBAN hier;-10;;;
DD.MM.YY;DD.MM.YY;Gebucht;Beispielname hier;Beispielname hier;Beispiel Verwendungszweck;Ausgang;Beispiel-IBAN hier;-49;;;
DD.MM.YY;DD.MM.YY;Gebucht;Beispielname hier;Beispielname hier;Beispiel Verwendungszweck;Ausgang;Beispiel-IBAN hier;-9,28;;;
DD.MM.YY;DD.MM.YY;Gebucht;Beispielname hier;Beispielname hier;Beispiel Verwendungszweck;Ausgang;Beispiel-IBAN hier;-32,31;;;
DD.MM.YY;DD.MM.YY;Gebucht;Beispielname hier;Beispielname hier;Beispiel Verwendungszweck;Ausgang;Beispiel-IBAN hier;-1.03;;;
DD.MM.YY;DD.MM.YY;Gebucht;Beispielname hier;Beispielname hier;Beispiel Verwendungszweck;Ausgang;Beispiel-IBAN hier;-46,76;;;
DD.MM.YY;DD.MM.YY;Gebucht;Beispielname hier;Beispielname hier;Beispiel Verwendungszweck;Ausgang;Beispiel-IBAN hier;-133,52;;;
DD.MM.YY;DD.MM.YY;Gebucht;Beispielname hier;Beispielname hier;Beispiel Verwendungszweck;Eingang;Beispiel-IBAN hier;0;;;
DD.MM.YY;DD.MM.YY;Gebucht;Beispielname hier;Beispielname hier;Beispiel Verwendungszweck;Ausgang;Beispiel-IBAN hier;-1,04;;;
DD.MM.YY;DD.MM.YY;Gebucht;Beispielname hier;Beispielname hier;Beispiel Verwendungszweck;Ausgang;Beispiel-IBAN hier;-5;;;
DD.MM.YY;DD.MM.YY;Gebucht;Beispielname hier;Beispielname hier;Beispiel Verwendungszweck;Ausgang;Beispiel-IBAN hier;-35,99;;;
DD.MM.YY;DD.MM.YY;Gebucht;Beispielname hier;Beispielname hier;Beispiel Verwendungszweck;Ausgang;Beispiel-IBAN hier;-44,99;;;
DD.MM.YY;DD.MM.YY;Gebucht;Beispielname hier;Beispielname hier;Beispiel Verwendungszweck;Ausgang;Beispiel-IBAN hier;-29,99;;;
DD.MM.YY;DD.MM.YY;Gebucht;Beispielname hier;Beispielname hier;Beispiel Verwendungszweck;Ausgang;Beispiel-IBAN hier;-6,99;;;
DD.MM.YY;DD.MM.YY;Gebucht;Beispielname hier;Beispielname hier;Beispiel Verwendungszweck;Ausgang;Beispiel-IBAN hier;-10,95;;;
DD.MM.YY;DD.MM.YY;Gebucht;Beispielname hier;Beispielname hier;Beispiel Verwendungszweck;Ausgang;Beispiel-IBAN hier;-1,45;;;
DD.MM.YY;DD.MM.YY;Gebucht;Beispielname hier;Beispielname hier;Beispiel Verwendungszweck;Ausgang;Beispiel-IBAN hier;-1,05;;;
DD.MM.YY;DD.MM.YY;Gebucht;Beispielname hier;Beispielname hier;Beispiel Verwendungszweck;Ausgang;Beispiel-IBAN hier;-3,43;;;
DD.MM.YY;DD.MM.YY;Gebucht;Beispielname hier;Beispielname hier;Beispiel Verwendungszweck;Ausgang;Beispiel-IBAN hier;-34,87;;;
DD.MM.YY;DD.MM.YY;Gebucht;Beispielname hier;Beispielname hier;Beispiel Verwendungszweck;Eingang;Beispiel-IBAN hier;44,99;;;
DD.MM.YY;DD.MM.YY;Gebucht;Beispielname hier;Beispielname hier;Beispiel Verwendungszweck;Ausgang;Beispiel-IBAN hier;-60;;;
DD.MM.YY;DD.MM.YY;Gebucht;Beispielname hier;Beispielname hier;Beispiel Verwendungszweck;Ausgang;Beispiel-IBAN hier;-34,95;;;
DD.MM.YY;DD.MM.YY;Gebucht;Beispielname hier;Beispielname hier;Beispiel Verwendungszweck;Ausgang;Beispiel-IBAN hier;-9,89;;;
DD.MM.YY;DD.MM.YY;Gebucht;Beispielname hier;Beispielname hier;Beispiel Verwendungszweck;Ausgang;Beispiel-IBAN hier;-119,89;;;
DD.MM.YY;DD.MM.YY;Gebucht;Beispielname hier;Beispielname hier;Beispiel Verwendungszweck;Eingang;Beispiel-IBAN hier;2.682,85;;;
DD.MM.YY;DD.MM.YY;Gebucht;Beispielname hier;Beispielname hier;Beispiel Verwendungszweck;Ausgang;Beispiel-IBAN hier;-53,29;;;
DD.MM.YY;DD.MM.YY;Gebucht;Beispielname hier;Beispielname hier;Beispiel Verwendungszweck;Ausgang;Beispiel-IBAN hier;-22,5;;;
DD.MM.YY;DD.MM.YY;Gebucht;Beispielname hier;Beispielname hier;Beispiel Verwendungszweck;Ausgang;Beispiel-IBAN hier;-4,5;;;
DD.MM.YY;DD.MM.YY;Gebucht;Beispielname hier;Beispielname hier;Beispiel Verwendungszweck;Ausgang;Beispiel-IBAN hier;-20,93;;;
DD.MM.YY;DD.MM.YY;Gebucht;Beispielname hier;Beispielname hier;Beispiel Verwendungszweck;Ausgang;Beispiel-IBAN hier;-5;;;
DD.MM.YY;DD.MM.YY;Gebucht;Beispielname hier;Beispielname hier;Beispiel Verwendungszweck;Ausgang;Beispiel-IBAN hier;-0,95;;;
DD.MM.YY;DD.MM.YY;Gebucht;Beispielname hier;Beispielname hier;Beispiel Verwendungszweck;Ausgang;Beispiel-IBAN hier;-6,95;;;
DD.MM.YY;DD.MM.YY;Gebucht;Beispielname hier;Beispielname hier;Beispiel Verwendungszweck;Ausgang;Beispiel-IBAN hier;-21,35;;;
DD.MM.YY;DD.MM.YY;Gebucht;Beispielname hier;Beispielname hier;Beispiel Verwendungszweck;Ausgang;Beispiel-IBAN hier;-8,27;;;
DD.MM.YY;DD.MM.YY;Gebucht;Beispielname hier;Beispielname hier;Beispiel Verwendungszweck;Ausgang;Beispiel-IBAN hier;-5,65;;;
DD.MM.YY;DD.MM.YY;Gebucht;Beispielname hier;Beispielname hier;Beispiel Verwendungszweck;Ausgang;Beispiel-IBAN hier;-20,43;;;
DD.MM.YY;DD.MM.YY;Gebucht;Beispielname hier;Beispielname hier;Beispiel Verwendungszweck;Ausgang;Beispiel-IBAN hier;-15,25;;;
DD.MM.YY;DD.MM.YY;Gebucht;Beispielname hier;Beispielname hier;Beispiel Verwendungszweck;Ausgang;Beispiel-IBAN hier;-4,1;;;
DD.MM.YY;DD.MM.YY;Gebucht;Beispielname hier;Beispielname hier;Beispiel Verwendungszweck;Ausgang;Beispiel-IBAN hier;-4,73;;;
DD.MM.YY;DD.MM.YY;Gebucht;Beispielname hier;Beispielname hier;Beispiel Verwendungszweck;Ausgang;Beispiel-IBAN hier;-7,3;;;
DD.MM.YY;DD.MM.YY;Gebucht;Beispielname hier;Beispielname hier;Beispiel Verwendungszweck;Ausgang;Beispiel-IBAN hier;-57,74;;;
DD.MM.YY;DD.MM.YY;Gebucht;Beispielname hier;Beispielname hier;Beispiel Verwendungszweck;Ausgang;Beispiel-IBAN hier;-2,5;;;
DD.MM.YY;DD.MM.YY;Gebucht;Beispielname hier;Beispielname hier;Beispiel Verwendungszweck;Ausgang;Beispiel-IBAN hier;-5;;;
DD.MM.YY;DD.MM.YY;Gebucht;Beispielname hier;Beispielname hier;Beispiel Verwendungszweck;Ausgang;Beispiel-IBAN hier;-9,86;;;
DD.MM.YY;DD.MM.YY;Gebucht;Beispielname hier;Beispielname hier;Beispiel Verwendungszweck;Ausgang;Beispiel-IBAN hier;-5;;;
DD.MM.YY;DD.MM.YY;Gebucht;Beispielname hier;Beispielname hier;Beispiel Verwendungszweck;Ausgang;Beispiel-IBAN hier;-18,59;;;
DD.MM.YY;DD.MM.YY;Gebucht;Beispielname hier;Beispielname hier;Beispiel Verwendungszweck;Ausgang;Beispiel-IBAN hier;-17,29;;;
DD.MM.YY;DD.MM.YY;Gebucht;Beispielname hier;Beispielname hier;Beispiel Verwendungszweck;Ausgang;Beispiel-IBAN hier;-37,49;;;
DD.MM.YY;DD.MM.YY;Gebucht;Beispielname hier;Beispielname hier;Beispiel Verwendungszweck;Ausgang;Beispiel-IBAN hier;-32,99;;;
DD.MM.YY;DD.MM.YY;Gebucht;Beispielname hier;Beispielname hier;Beispiel Verwendungszweck;Ausgang;Beispiel-IBAN hier;-11,6;;;
DD.MM.YY;DD.MM.YY;Gebucht;Beispielname hier;Beispielname hier;Beispiel Verwendungszweck;Ausgang;Beispiel-IBAN hier;-24,29;;;
DD.MM.YY;DD.MM.YY;Gebucht;Beispielname hier;Beispielname hier;Beispiel Verwendungszweck;Ausgang;Beispiel-IBAN hier;-5;;;
DD.MM.YY;DD.MM.YY;Gebucht;Beispielname hier;Beispielname hier;Beispiel Verwendungszweck;Ausgang;Beispiel-IBAN hier;-55,08;;;
DD.MM.YY;DD.MM.YY;Gebucht;Beispielname hier;Beispielname hier;Beispiel Verwendungszweck;Ausgang;Beispiel-IBAN hier;-73,19;;;
DD.MM.YY;DD.MM.YY;Gebucht;Beispielname hier;Beispielname hier;Beispiel Verwendungszweck;Ausgang;Beispiel-IBAN hier;-84,98;;;
DD.MM.YY;DD.MM.YY;Gebucht;Beispielname hier;Beispielname hier;Beispiel Verwendungszweck;Ausgang;Beispiel-IBAN hier;-36,55;;;
DD.MM.YY;DD.MM.YY;Gebucht;Beispielname hier;Beispielname hier;Beispiel Verwendungszweck;Ausgang;Beispiel-IBAN hier;-197,72;;;
DD.MM.YY;DD.MM.YY;Gebucht;Beispielname hier;Beispielname hier;Beispiel Verwendungszweck;Ausgang;Beispiel-IBAN hier;-36,82;;;
DD.MM.YY;DD.MM.YY;Gebucht;Beispielname hier;Beispielname hier;Beispiel Verwendungszweck;Ausgang;Beispiel-IBAN hier;-23,29;;;
DD.MM.YY;DD.MM.YY;Gebucht;Beispielname hier;Beispielname hier;Beispiel Verwendungszweck;Ausgang;Beispiel-IBAN hier;-28,72;;;
DD.MM.YY;DD.MM.YY;Gebucht;Beispielname hier;Beispielname hier;Beispiel Verwendungszweck;Ausgang;Beispiel-IBAN hier;-3,75;;;
DD.MM.YY;DD.MM.YY;Gebucht;Beispielname hier;Beispielname hier;Beispiel Verwendungszweck;Ausgang;Beispiel-IBAN hier;-3,95;;;
DD.MM.YY;DD.MM.YY;Gebucht;Beispielname hier;Beispielname hier;Beispiel Verwendungszweck;Ausgang;Beispiel-IBAN hier;-18,79;;;
DD.MM.YY;DD.MM.YY;Gebucht;Beispielname hier;Beispielname hier;Beispiel Verwendungszweck;Ausgang;Beispiel-IBAN hier;-2,09;;;
DD.MM.YY;DD.MM.YY;Gebucht;Beispielname hier;Beispielname hier;Beispiel Verwendungszweck;Eingang;Beispiel-IBAN hier;200;;;
DD.MM.YY;DD.MM.YY;Gebucht;Beispielname hier;Beispielname hier;Beispiel Verwendungszweck;Ausgang;Beispiel-IBAN hier;-28,68;;;
DD.MM.YY;DD.MM.YY;Gebucht;Beispielname hier;Beispielname hier;Beispiel Verwendungszweck;Ausgang;Beispiel-IBAN hier;-17,7;;;
DD.MM.YY;DD.MM.YY;Gebucht;Beispielname hier;Beispielname hier;Beispiel Verwendungszweck;Ausgang;Beispiel-IBAN hier;-49;;;
DD.MM.YY;DD.MM.YY;Gebucht;Beispielname hier;Beispielname hier;Beispiel Verwendungszweck;Ausgang;Beispiel-IBAN hier;-1;;;
DD.MM.YY;DD.MM.YY;Gebucht;Beispielname hier;Beispielname hier;Beispiel Verwendungszweck;Ausgang;Beispiel-IBAN hier;-2,74;;;
DD.MM.YY;DD.MM.YY;Gebucht;Beispielname hier;Beispielname hier;Beispiel Verwendungszweck;Ausgang;Beispiel-IBAN hier;-66,35;;;
DD.MM.YY;DD.MM.YY;Gebucht;Beispielname hier;Beispielname hier;Beispiel Verwendungszweck;Ausgang;Beispiel-IBAN hier;-42,4;;;
DD.MM.YY;DD.MM.YY;Gebucht;Beispielname hier;Beispielname hier;Beispiel Verwendungszweck;Ausgang;Beispiel-IBAN hier;-32,31;;;
DD.MM.YY;DD.MM.YY;Gebucht;Beispielname hier;Beispielname hier;Beispiel Verwendungszweck;Ausgang;Beispiel-IBAN hier;-1.03;;;
DD.MM.YY;DD.MM.YY;Gebucht;Beispielname hier;Beispielname hier;Beispiel Verwendungszweck;Ausgang;Beispiel-IBAN hier;-111,33;;;
DD.MM.YY;DD.MM.YY;Gebucht;Beispielname hier;Beispielname hier;Beispiel Verwendungszweck;Ausgang;Beispiel-IBAN hier;-370;;;
DD.MM.YY;DD.MM.YY;Gebucht;Beispielname hier;Beispielname hier;Beispiel Verwendungszweck;Ausgang;Beispiel-IBAN hier;-51;;;
DD.MM.YY;DD.MM.YY;Gebucht;Beispielname hier;Beispielname hier;Beispiel Verwendungszweck;Ausgang;Beispiel-IBAN hier;-49,94;;;
DD.MM.YY;DD.MM.YY;Gebucht;Beispielname hier;Beispielname hier;Beispiel Verwendungszweck;Ausgang;Beispiel-IBAN hier;-18,14;;;
DD.MM.YY;DD.MM.YY;Gebucht;Beispielname hier;Beispielname hier;Beispiel Verwendungszweck;Ausgang;Beispiel-IBAN hier;-570,11;;;
DD.MM.YY;DD.MM.YY;Gebucht;Beispielname hier;Beispielname hier;Beispiel Verwendungszweck;Ausgang;Beispiel-IBAN hier;-31,28;;;
DD.MM.YY;DD.MM.YY;Gebucht;Beispielname hier;Beispielname hier;Beispiel Verwendungszweck;Eingang;Beispiel-IBAN hier;1.77;;;
DD.MM.YY;DD.MM.YY;Gebucht;Beispielname hier;Beispielname hier;Beispiel Verwendungszweck;Ausgang;Beispiel-IBAN hier;-54,22;;;
DD.MM.YY;DD.MM.YY;Gebucht;Beispielname hier;Beispielname hier;Beispiel Verwendungszweck;Ausgang;Beispiel-IBAN hier;-23,9;;;
DD.MM.YY;DD.MM.YY;Gebucht;Beispielname hier;Beispielname hier;Beispiel Verwendungszweck;Ausgang;Beispiel-IBAN hier;-33;;;
DD.MM.YY;DD.MM.YY;Gebucht;Beispielname hier;Beispielname hier;Beispiel Verwendungszweck;Ausgang;Beispiel-IBAN hier;-5;;;
DD.MM.YY;DD.MM.YY;Gebucht;Beispielname hier;Beispielname hier;Beispiel Verwendungszweck;Ausgang;Beispiel-IBAN hier;-51,42;;;
DD.MM.YY;DD.MM.YY;Gebucht;Beispielname hier;Beispielname hier;Beispiel Verwendungszweck;Ausgang;Beispiel-IBAN hier;-28,9;;;
DD.MM.YY;DD.MM.YY;Gebucht;Beispielname hier;Beispielname hier;Beispiel Verwendungszweck;Ausgang;Beispiel-IBAN hier;-9,05;;;
DD.MM.YY;DD.MM.YY;Gebucht;Beispielname hier;Beispielname hier;Beispiel Verwendungszweck;Ausgang;Beispiel-IBAN hier;-29,85;;;
DD.MM.YY;DD.MM.YY;Gebucht;Beispielname hier;Beispielname hier;Beispiel Verwendungszweck;Ausgang;Beispiel-IBAN hier;-14,81;;;
DD.MM.YY;DD.MM.YY;Gebucht;Beispielname hier;Beispielname hier;Beispiel Verwendungszweck;Ausgang;Beispiel-IBAN hier;-1,85;;;
DD.MM.YY;DD.MM.YY;Gebucht;Beispielname hier;Beispielname hier;Beispiel Verwendungszweck;Ausgang;Beispiel-IBAN hier;-33,66;;;
DD.MM.YY;DD.MM.YY;Gebucht;Beispielname hier;Beispielname hier;Beispiel Verwendungszweck;Ausgang;Beispiel-IBAN hier;-40,98;;;
DD.MM.YY;DD.MM.YY;Gebucht;Beispielname hier;Beispielname hier;Beispiel Verwendungszweck;Ausgang;Beispiel-IBAN hier;-5;;;
DD.MM.YY;DD.MM.YY;Gebucht;Beispielname hier;Beispielname hier;Beispiel Verwendungszweck;Ausgang;Beispiel-IBAN hier;-5;;;
DD.MM.YY;DD.MM.YY;Gebucht;Beispielname hier;Beispielname hier;Beispiel Verwendungszweck;Ausgang;Beispiel-IBAN hier;-16,58;;;
DD.MM.YY;DD.MM.YY;Gebucht;Beispielname hier;Beispielname hier;Beispiel Verwendungszweck;Ausgang;Beispiel-IBAN hier;-5;;;
DD.MM.YY;DD.MM.YY;Gebucht;Beispielname hier;Beispielname hier;Beispiel Verwendungszweck;Ausgang;Beispiel-IBAN hier;-20,86;;;
DD.MM.YY;DD.MM.YY;Gebucht;Beispielname hier;Beispielname hier;Beispiel Verwendungszweck;Ausgang;Beispiel-IBAN hier;-2,15;;;
DD.MM.YY;DD.MM.YY;Gebucht;Beispielname hier;Beispielname hier;Beispiel Verwendungszweck;Ausgang;Beispiel-IBAN hier;-35,79;;;
DD.MM.YY;DD.MM.YY;Gebucht;Beispielname hier;Beispielname hier;Beispiel Verwendungszweck;Ausgang;Beispiel-IBAN hier;-6,9;;;
DD.MM.YY;DD.MM.YY;Gebucht;Beispielname hier;Beispielname hier;Beispiel Verwendungszweck;Ausgang;Beispiel-IBAN hier;-3,64;;;
DD.MM.YY;DD.MM.YY;Gebucht;Beispielname hier;Beispielname hier;Beispiel Verwendungszweck;Ausgang;Beispiel-IBAN hier;-44,23;;;
DD.MM.YY;DD.MM.YY;Gebucht;Beispielname hier;Beispielname hier;Beispiel Verwendungszweck;Ausgang;Beispiel-IBAN hier;-16,78;;;
DD.MM.YY;DD.MM.YY;Gebucht;Beispielname hier;Beispielname hier;Beispiel Verwendungszweck;Ausgang;Beispiel-IBAN hier;-5;;;
DD.MM.YY;DD.MM.YY;Gebucht;Beispielname hier;Beispielname hier;Beispiel Verwendungszweck;Ausgang;Beispiel-IBAN hier;-11,7;;;
DD.MM.YY;DD.MM.YY;Gebucht;Beispielname hier;Beispielname hier;Beispiel Verwendungszweck;Ausgang;Beispiel-IBAN hier;-170;;;
DD.MM.YY;DD.MM.YY;Gebucht;Beispielname hier;Beispielname hier;Beispiel Verwendungszweck;Ausgang;Beispiel-IBAN hier;-0,81;;;
DD.MM.YY;DD.MM.YY;Gebucht;Beispielname hier;Beispielname hier;Beispiel Verwendungszweck;Ausgang;Beispiel-IBAN hier;-14,14;;;
DD.MM.YY;DD.MM.YY;Gebucht;Beispielname hier;Beispielname hier;Beispiel Verwendungszweck;Ausgang;Beispiel-IBAN hier;-43,82;;;
DD.MM.YY;DD.MM.YY;Gebucht;Beispielname hier;Beispielname hier;Beispiel Verwendungszweck;Ausgang;Beispiel-IBAN hier;-0,9;;;
DD.MM.YY;DD.MM.YY;Gebucht;Beispielname hier;Beispielname hier;Beispiel Verwendungszweck;Ausgang;Beispiel-IBAN hier;-4,8;;;
DD.MM.YY;DD.MM.YY;Gebucht;Beispielname hier;Beispielname hier;Beispiel Verwendungszweck;Ausgang;Beispiel-IBAN hier;-1,49;;;
DD.MM.YY;DD.MM.YY;Gebucht;Beispielname hier;Beispielname hier;Beispiel Verwendungszweck;Ausgang;Beispiel-IBAN hier;-19,12;;;
DD.MM.YY;DD.MM.YY;Gebucht;Beispielname hier;Beispielname hier;Beispiel Verwendungszweck;Ausgang;Beispiel-IBAN hier;-2,7;;;
DD.MM.YY;DD.MM.YY;Gebucht;Beispielname hier;Beispielname hier;Beispiel Verwendungszweck;Ausgang;Beispiel-IBAN hier;-4,64;;;
DD.MM.YY;DD.MM.YY;Gebucht;Beispielname hier;Beispielname hier;Beispiel Verwendungszweck;Ausgang;Beispiel-IBAN hier;-3,3;;;
DD.MM.YY;DD.MM.YY;Gebucht;Beispielname hier;Beispielname hier;Beispiel Verwendungszweck;Ausgang;Beispiel-IBAN hier;-3,6;;;
DD.MM.YY;DD.MM.YY;Gebucht;Beispielname hier;Beispielname hier;Beispiel Verwendungszweck;Ausgang;Beispiel-IBAN hier;-9,49;;;
DD.MM.YY;DD.MM.YY;Gebucht;Beispielname hier;Beispielname hier;Beispiel Verwendungszweck;Ausgang;Beispiel-IBAN hier;-0,8;;;
DD.MM.YY;DD.MM.YY;Gebucht;Beispielname hier;Beispielname hier;Beispiel Verwendungszweck;Ausgang;Beispiel-IBAN hier;-2,09;;;
DD.MM.YY;DD.MM.YY;Gebucht;Beispielname hier;Beispielname hier;Beispiel Verwendungszweck;Ausgang;Beispiel-IBAN hier;-18,59;;;
DD.MM.YY;DD.MM.YY;Gebucht;Beispielname hier;Beispielname hier;Beispiel Verwendungszweck;Ausgang;Beispiel-IBAN hier;-16,51;;;
DD.MM.YY;DD.MM.YY;Gebucht;Beispielname hier;Beispielname hier;Beispiel Verwendungszweck;Ausgang;Beispiel-IBAN hier;-33,3;;;
DD.MM.YY;DD.MM.YY;Gebucht;Beispielname hier;Beispielname hier;Beispiel Verwendungszweck;Ausgang;Beispiel-IBAN hier;-60;;;
DD.MM.YY;DD.MM.YY;Gebucht;Beispielname hier;Beispielname hier;Beispiel Verwendungszweck;Ausgang;Beispiel-IBAN hier;-17,03;;;
DD.MM.YY;DD.MM.YY;Gebucht;Beispielname hier;Beispielname hier;Beispiel Verwendungszweck;Ausgang;Beispiel-IBAN hier;-8,4;;;
DD.MM.YY;DD.MM.YY;Gebucht;Beispielname hier;Beispielname hier;Beispiel Verwendungszweck;Ausgang;Beispiel-IBAN hier;-32,31;;;
DD.MM.YY;DD.MM.YY;Gebucht;Beispielname hier;Beispielname hier;Beispiel Verwendungszweck;Ausgang;Beispiel-IBAN hier;-49;;;
DD.MM.YY;DD.MM.YY;Gebucht;Beispielname hier;Beispielname hier;Beispiel Verwendungszweck;Ausgang;Beispiel-IBAN hier;-370;;;
DD.MM.YY;DD.MM.YY;Gebucht;Beispielname hier;Beispielname hier;Beispiel Verwendungszweck;Ausgang;Beispiel-IBAN hier;-515;;;
DD.MM.YY;DD.MM.YY;Gebucht;Beispielname hier;Beispielname hier;Beispiel Verwendungszweck;Ausgang;Beispiel-IBAN hier;-2.16;;;
DD.MM.YY;DD.MM.YY;Gebucht;Beispielname hier;Beispielname hier;Beispiel Verwendungszweck;Ausgang;Beispiel-IBAN hier;-7,2;;;
DD.MM.YY;DD.MM.YY;Gebucht;Beispielname hier;Beispielname hier;Beispiel Verwendungszweck;Ausgang;Beispiel-IBAN hier;-5;;;
DD.MM.YY;DD.MM.YY;Gebucht;Beispielname hier;Beispielname hier;Beispiel Verwendungszweck;Ausgang;Beispiel-IBAN hier;-23,99;;;
DD.MM.YY;DD.MM.YY;Gebucht;Beispielname hier;Beispielname hier;Beispiel Verwendungszweck;Ausgang;Beispiel-IBAN hier;-11,24;;;
DD.MM.YY;DD.MM.YY;Gebucht;Beispielname hier;Beispielname hier;Beispiel Verwendungszweck;Ausgang;Beispiel-IBAN hier;-51;;;
DD.MM.YY;DD.MM.YY;Gebucht;Beispielname hier;Beispielname hier;Beispiel Verwendungszweck;Ausgang;Beispiel-IBAN hier;-4,8;;;
DD.MM.YY;DD.MM.YY;Gebucht;Beispielname hier;Beispielname hier;Beispiel Verwendungszweck;Ausgang;Beispiel-IBAN hier;-2,15;;;
DD.MM.YY;DD.MM.YY;Gebucht;Beispielname hier;Beispielname hier;Beispiel Verwendungszweck;Ausgang;Beispiel-IBAN hier;-24,24;;;
DD.MM.YY;DD.MM.YY;Gebucht;Beispielname hier;Beispielname hier;Beispiel Verwendungszweck;Ausgang;Beispiel-IBAN hier;-80;;;
DD.MM.YY;DD.MM.YY;Gebucht;Beispielname hier;Beispielname hier;Beispiel Verwendungszweck;Ausgang;Beispiel-IBAN hier;-37,45;;;
DD.MM.YY;DD.MM.YY;Gebucht;Beispielname hier;Beispielname hier;Beispiel Verwendungszweck;Ausgang;Beispiel-IBAN hier;-9,95;;;
DD.MM.YY;DD.MM.YY;Gebucht;Beispielname hier;Beispielname hier;Beispiel Verwendungszweck;Ausgang;Beispiel-IBAN hier;-2,15;;;
DD.MM.YY;DD.MM.YY;Gebucht;Beispielname hier;Beispielname hier;Beispiel Verwendungszweck;Ausgang;Beispiel-IBAN hier;-4,8;;;
DD.MM.YY;DD.MM.YY;Gebucht;Beispielname hier;Beispielname hier;Beispiel Verwendungszweck;Ausgang;Beispiel-IBAN hier;-32,79;;;
DD.MM.YY;DD.MM.YY;Gebucht;Beispielname hier;Beispielname hier;Beispiel Verwendungszweck;Ausgang;Beispiel-IBAN hier;-24,95;;;
DD.MM.YY;DD.MM.YY;Gebucht;Beispielname hier;Beispielname hier;Beispiel Verwendungszweck;Ausgang;Beispiel-IBAN hier;-49,94;;;
DD.MM.YY;DD.MM.YY;Gebucht;Beispielname hier;Beispielname hier;Beispiel Verwendungszweck;Ausgang;Beispiel-IBAN hier;-30,5;;;
DD.MM.YY;DD.MM.YY;Gebucht;Beispielname hier;Beispielname hier;Beispiel Verwendungszweck;Ausgang;Beispiel-IBAN hier;-14,28;;;
DD.MM.YY;DD.MM.YY;Gebucht;Beispielname hier;Beispielname hier;Beispiel Verwendungszweck;Eingang;Beispiel-IBAN hier;1.77;;;
DD.MM.YY;DD.MM.YY;Gebucht;Beispielname hier;Beispielname hier;Beispiel Verwendungszweck;Ausgang;Beispiel-IBAN hier;-40,93;;;
DD.MM.YY;DD.MM.YY;Gebucht;Beispielname hier;Beispielname hier;Beispiel Verwendungszweck;Ausgang;Beispiel-IBAN hier;-2,85;;;
DD.MM.YY;DD.MM.YY;Gebucht;Beispielname hier;Beispielname hier;Beispiel Verwendungszweck;Ausgang;Beispiel-IBAN hier;-18,31;;;
DD.MM.YY;DD.MM.YY;Gebucht;Beispielname hier;Beispielname hier;Beispiel Verwendungszweck;Ausgang;Beispiel-IBAN hier;-187,7;;;
DD.MM.YY;DD.MM.YY;Gebucht;Beispielname hier;Beispielname hier;Beispiel Verwendungszweck;Ausgang;Beispiel-IBAN hier;-17,99;;;
DD.MM.YY;DD.MM.YY;Gebucht;Beispielname hier;Beispielname hier;Beispiel Verwendungszweck;Ausgang;Beispiel-IBAN hier;-20,1;;;
DD.MM.YY;DD.MM.YY;Gebucht;Beispielname hier;Beispielname hier;Beispiel Verwendungszweck;Ausgang;Beispiel-IBAN hier;-9,78;;;
DD.MM.YY;DD.MM.YY;Gebucht;Beispielname hier;Beispielname hier;Beispiel Verwendungszweck;Ausgang;Beispiel-IBAN hier;-17,71;;;
DD.MM.YY;DD.MM.YY;Gebucht;Beispielname hier;Beispielname hier;Beispiel Verwendungszweck;Ausgang;Beispiel-IBAN hier;-21,6;;;
DD.MM.YY;DD.MM.YY;Gebucht;Beispielname hier;Beispielname hier;Beispiel Verwendungszweck;Ausgang;Beispiel-IBAN hier;-329,83;;;
DD.MM.YY;DD.MM.YY;Gebucht;Beispielname hier;Beispielname hier;Beispiel Verwendungszweck;Ausgang;Beispiel-IBAN hier;-21,9;;;
DD.MM.YY;DD.MM.YY;Gebucht;Beispielname hier;Beispielname hier;Beispiel Verwendungszweck;Ausgang;Beispiel-IBAN hier;-43,2;;;
DD.MM.YY;DD.MM.YY;Gebucht;Beispielname hier;Beispielname hier;Beispiel Verwendungszweck;Ausgang;Beispiel-IBAN hier;-13,2;;;
DD.MM.YY;DD.MM.YY;Gebucht;Beispielname hier;Beispielname hier;Beispiel Verwendungszweck;Ausgang;Beispiel-IBAN hier;-4;;;
DD.MM.YY;DD.MM.YY;Gebucht;Beispielname hier;Beispielname hier;Beispiel Verwendungszweck;Ausgang;Beispiel-IBAN hier;-18,52;;;
DD.MM.YY;DD.MM.YY;Gebucht;Beispielname hier;Beispielname hier;Beispiel Verwendungszweck;Ausgang;Beispiel-IBAN hier;-4,44;;;
DD.MM.YY;DD.MM.YY;Gebucht;Beispielname hier;Beispielname hier;Beispiel Verwendungszweck;Eingang;Beispiel-IBAN hier;33;;;
DD.MM.YY;DD.MM.YY;Gebucht;Beispielname hier;Beispielname hier;Beispiel Verwendungszweck;Ausgang;Beispiel-IBAN hier;-25,5;;;
DD.MM.YY;DD.MM.YY;Gebucht;Beispielname hier;Beispielname hier;Beispiel Verwendungszweck;Ausgang;Beispiel-IBAN hier;-1;;;
DD.MM.YY;DD.MM.YY;Gebucht;Beispielname hier;Beispielname hier;Beispiel Verwendungszweck;Ausgang;Beispiel-IBAN hier;-3,1;;;
DD.MM.YY;DD.MM.YY;Gebucht;Beispielname hier;Beispielname hier;Beispiel Verwendungszweck;Ausgang;Beispiel-IBAN hier;-38,73;;;
DD.MM.YY;DD.MM.YY;Gebucht;Beispielname hier;Beispielname hier;Beispiel Verwendungszweck;Ausgang;Beispiel-IBAN hier;-17,48;;;
DD.MM.YY;DD.MM.YY;Gebucht;Beispielname hier;Beispielname hier;Beispiel Verwendungszweck;Ausgang;Beispiel-IBAN hier;-62,95;;;
DD.MM.YY;DD.MM.YY;Gebucht;Beispielname hier;Beispielname hier;Beispiel Verwendungszweck;Ausgang;Beispiel-IBAN hier;-2,09;;;
DD.MM.YY;DD.MM.YY;Gebucht;Beispielname hier;Beispielname hier;Beispiel Verwendungszweck;Ausgang;Beispiel-IBAN hier;-42,45;;;
DD.MM.YY;DD.MM.YY;Gebucht;Beispielname hier;Beispielname hier;Beispiel Verwendungszweck;Ausgang;Beispiel-IBAN hier;-7,79;;;
DD.MM.YY;DD.MM.YY;Gebucht;Beispielname hier;Beispielname hier;Beispiel Verwendungszweck;Ausgang;Beispiel-IBAN hier;-6,49;;;
DD.MM.YY;DD.MM.YY;Gebucht;Beispielname hier;Beispielname hier;Beispiel Verwendungszweck;Ausgang;Beispiel-IBAN hier;-60,89;;;
DD.MM.YY;DD.MM.YY;Gebucht;Beispielname hier;Beispielname hier;Beispiel Verwendungszweck;Ausgang;Beispiel-IBAN hier;-5,93;;;
DD.MM.YY;DD.MM.YY;Gebucht;Beispielname hier;Beispielname hier;Beispiel Verwendungszweck;Ausgang;Beispiel-IBAN hier;-0,89;;;
DD.MM.YY;DD.MM.YY;Gebucht;Beispielname hier;Beispielname hier;Beispiel Verwendungszweck;Ausgang;Beispiel-IBAN hier;-49;;;
DD.MM.YY;DD.MM.YY;Gebucht;Beispielname hier;Beispielname hier;Beispiel Verwendungszweck;Ausgang;Beispiel-IBAN hier;-370;;;
DD.MM.YY;DD.MM.YY;Gebucht;Beispielname hier;Beispielname hier;Beispiel Verwendungszweck;Ausgang;Beispiel-IBAN hier;-24,95;;;
DD.MM.YY;DD.MM.YY;Gebucht;Beispielname hier;Beispielname hier;Beispiel Verwendungszweck;Ausgang;Beispiel-IBAN hier;-32,31;;;
DD.MM.YY;DD.MM.YY;Gebucht;Beispielname hier;Beispielname hier;Beispiel Verwendungszweck;Eingang;Beispiel-IBAN hier;0;;;
DD.MM.YY;DD.MM.YY;Gebucht;Beispielname hier;Beispielname hier;Beispiel Verwendungszweck;Eingang;Beispiel-IBAN hier;100;;;
DD.MM.YY;DD.MM.YY;Gebucht;Beispielname hier;Beispielname hier;Beispiel Verwendungszweck;Ausgang;Beispiel-IBAN hier;-17,09;;;
DD.MM.YY;DD.MM.YY;Gebucht;Beispielname hier;Beispielname hier;Beispiel Verwendungszweck;Ausgang;Beispiel-IBAN hier;-51;;;
DD.MM.YY;DD.MM.YY;Gebucht;Beispielname hier;Beispielname hier;Beispiel Verwendungszweck;Ausgang;Beispiel-IBAN hier;-69,07;;;
DD.MM.YY;DD.MM.YY;Gebucht;Beispielname hier;Beispielname hier;Beispiel Verwendungszweck;Ausgang;Beispiel-IBAN hier;-49,94;;;
DD.MM.YY;DD.MM.YY;Gebucht;Beispielname hier;Beispielname hier;Beispiel Verwendungszweck;Ausgang;Beispiel-IBAN hier;-60;;;
DD.MM.YY;DD.MM.YY;Gebucht;Beispielname hier;Beispielname hier;Beispiel Verwendungszweck;Eingang;Beispiel-IBAN hier;100;;;
DD.MM.YY;DD.MM.YY;Gebucht;Beispielname hier;Beispielname hier;Beispiel Verwendungszweck;Ausgang;Beispiel-IBAN hier;-62,95;;;
DD.MM.YY;DD.MM.YY;Gebucht;Beispielname hier;Beispielname hier;Beispiel Verwendungszweck;Ausgang;Beispiel-IBAN hier;-43,22;;;
DD.MM.YY;DD.MM.YY;Gebucht;Beispielname hier;Beispielname hier;Beispiel Verwendungszweck;Eingang;Beispiel-IBAN hier;2.52;;;
DD.MM.YY;DD.MM.YY;Gebucht;Beispielname hier;Beispielname hier;Beispiel Verwendungszweck;Ausgang;Beispiel-IBAN hier;-4,8;;;
DD.MM.YY;DD.MM.YY;Gebucht;Beispielname hier;Beispielname hier;Beispiel Verwendungszweck;Ausgang;Beispiel-IBAN hier;-26,77;;;
DD.MM.YY;DD.MM.YY;Gebucht;Beispielname hier;Beispielname hier;Beispiel Verwendungszweck;Ausgang;Beispiel-IBAN hier;-4,8;;;
DD.MM.YY;DD.MM.YY;Gebucht;Beispielname hier;Beispielname hier;Beispiel Verwendungszweck;Ausgang;Beispiel-IBAN hier;-5,56;;;
DD.MM.YY;DD.MM.YY;Gebucht;Beispielname hier;Beispielname hier;Beispiel Verwendungszweck;Ausgang;Beispiel-IBAN hier;-10;;;
DD.MM.YY;DD.MM.YY;Gebucht;Beispielname hier;Beispielname hier;Beispiel Verwendungszweck;Ausgang;Beispiel-IBAN hier;-41,84;;;
DD.MM.YY;DD.MM.YY;Gebucht;Beispielname hier;Beispielname hier;Beispiel Verwendungszweck;Ausgang;Beispiel-IBAN hier;-38,16;;;
DD.MM.YY;DD.MM.YY;Gebucht;Beispielname hier;Beispielname hier;Beispiel Verwendungszweck;Ausgang;Beispiel-IBAN hier;-9,04;;;
DD.MM.YY;DD.MM.YY;Gebucht;Beispielname hier;Beispielname hier;Beispiel Verwendungszweck;Ausgang;Beispiel-IBAN hier;-55,08;;;
DD.MM.YY;DD.MM.YY;Gebucht;Beispielname hier;Beispielname hier;Beispiel Verwendungszweck;Ausgang;Beispiel-IBAN hier;-60;;;
DD.MM.YY;DD.MM.YY;Gebucht;Beispielname hier;Beispielname hier;Beispiel Verwendungszweck;Ausgang;Beispiel-IBAN hier;-13,33;;;
DD.MM.YY;DD.MM.YY;Gebucht;Beispielname hier;Beispielname hier;Beispiel Verwendungszweck;Ausgang;Beispiel-IBAN hier;-7,54;;;
DD.MM.YY;DD.MM.YY;Gebucht;Beispielname hier;Beispielname hier;Beispiel Verwendungszweck;Ausgang;Beispiel-IBAN hier;-4,8;;;
DD.MM.YY;DD.MM.YY;Gebucht;Beispielname hier;Beispielname hier;Beispiel Verwendungszweck;Ausgang;Beispiel-IBAN hier;-18,57;;;
DD.MM.YY;DD.MM.YY;Gebucht;Beispielname hier;Beispielname hier;Beispiel Verwendungszweck;Ausgang;Beispiel-IBAN hier;-59,75;;;
DD.MM.YY;DD.MM.YY;Gebucht;Beispielname hier;Beispielname hier;Beispiel Verwendungszweck;Ausgang;Beispiel-IBAN hier;-4,8;;;
DD.MM.YY;DD.MM.YY;Gebucht;Beispielname hier;Beispielname hier;Beispiel Verwendungszweck;Ausgang;Beispiel-IBAN hier;-2,09;;;
DD.MM.YY;DD.MM.YY;Gebucht;Beispielname hier;Beispielname hier;Beispiel Verwendungszweck;Ausgang;Beispiel-IBAN hier;-10,15;;;
DD.MM.YY;DD.MM.YY;Gebucht;Beispielname hier;Beispielname hier;Beispiel Verwendungszweck;Ausgang;Beispiel-IBAN hier;-10,2;;;
DD.MM.YY;DD.MM.YY;Gebucht;Beispielname hier;Beispielname hier;Beispiel Verwendungszweck;Ausgang;Beispiel-IBAN hier;-4,25;;;
DD.MM.YY;DD.MM.YY;Gebucht;Beispielname hier;Beispielname hier;Beispiel Verwendungszweck;Ausgang;Beispiel-IBAN hier;-7,5;;;
DD.MM.YY;DD.MM.YY;Gebucht;Beispielname hier;Beispielname hier;Beispiel Verwendungszweck;Ausgang;Beispiel-IBAN hier;-4,2;;;
DD.MM.YY;DD.MM.YY;Gebucht;Beispielname hier;Beispielname hier;Beispiel Verwendungszweck;Ausgang;Beispiel-IBAN hier;-33;;;
DD.MM.YY;DD.MM.YY;Gebucht;Beispielname hier;Beispielname hier;Beispiel Verwendungszweck;Ausgang;Beispiel-IBAN hier;-49;;;
DD.MM.YY;DD.MM.YY;Gebucht;Beispielname hier;Beispielname hier;Beispiel Verwendungszweck;Ausgang;Beispiel-IBAN hier;-777;;;
DD.MM.YY;DD.MM.YY;Gebucht;Beispielname hier;Beispielname hier;Beispiel Verwendungszweck;Ausgang;Beispiel-IBAN hier;-17,73;;;
DD.MM.YY;DD.MM.YY;Gebucht;Beispielname hier;Beispielname hier;Beispiel Verwendungszweck;Ausgang;Beispiel-IBAN hier;-35,66;;;
DD.MM.YY;DD.MM.YY;Gebucht;Beispielname hier;Beispielname hier;Beispiel Verwendungszweck;Ausgang;Beispiel-IBAN hier;-15,11;;;
DD.MM.YY;DD.MM.YY;Gebucht;Beispielname hier;Beispielname hier;Beispiel Verwendungszweck;Ausgang;Beispiel-IBAN hier;-42,93;;;
DD.MM.YY;DD.MM.YY;Gebucht;Beispielname hier;Beispielname hier;Beispiel Verwendungszweck;Ausgang;Beispiel-IBAN hier;-32,31;;;
DD.MM.YY;DD.MM.YY;Gebucht;Beispielname hier;Beispielname hier;Beispiel Verwendungszweck;Ausgang;Beispiel-IBAN hier;-79;;;
DD.MM.YY;DD.MM.YY;Gebucht;Beispielname hier;Beispielname hier;Beispiel Verwendungszweck;Ausgang;Beispiel-IBAN hier;-370;;;
DD.MM.YY;DD.MM.YY;Gebucht;Beispielname hier;Beispielname hier;Beispiel Verwendungszweck;Ausgang;Beispiel-IBAN hier;-51;;;
DD.MM.YY;DD.MM.YY;Gebucht;Beispielname hier;Beispielname hier;Beispiel Verwendungszweck;Ausgang;Beispiel-IBAN hier;-50;;;
DD.MM.YY;DD.MM.YY;Gebucht;Beispielname hier;Beispielname hier;Beispiel Verwendungszweck;Ausgang;Beispiel-IBAN hier;-49,94;;;
DD.MM.YY;DD.MM.YY;Gebucht;Beispielname hier;Beispielname hier;Beispiel Verwendungszweck;Ausgang;Beispiel-IBAN hier;-37,99;;;
DD.MM.YY;DD.MM.YY;Gebucht;Beispielname hier;Beispielname hier;Beispiel Verwendungszweck;Ausgang;Beispiel-IBAN hier;-29,9;;;
DD.MM.YY;DD.MM.YY;Gebucht;Beispielname hier;Beispielname hier;Beispiel Verwendungszweck;Ausgang;Beispiel-IBAN hier;-64;;;
DD.MM.YY;DD.MM.YY;Gebucht;Beispielname hier;Beispielname hier;Beispiel Verwendungszweck;Ausgang;Beispiel-IBAN hier;-79,9;;;
DD.MM.YY;DD.MM.YY;Gebucht;Beispielname hier;Beispielname hier;Beispiel Verwendungszweck;Ausgang;Beispiel-IBAN hier;-10,95;;;
DD.MM.YY;DD.MM.YY;Gebucht;Beispielname hier;Beispielname hier;Beispiel Verwendungszweck;Ausgang;Beispiel-IBAN hier;-14,95;;;
DD.MM.YY;DD.MM.YY;Gebucht;Beispielname hier;Beispielname hier;Beispiel Verwendungszweck;Ausgang;Beispiel-IBAN hier;-24,95;;;
DD.MM.YY;DD.MM.YY;Gebucht;Beispielname hier;Beispielname hier;Beispiel Verwendungszweck;Ausgang;Beispiel-IBAN hier;-37,51;;;
DD.MM.YY;DD.MM.YY;Gebucht;Beispielname hier;Beispielname hier;Beispiel Verwendungszweck;Eingang;Beispiel-IBAN hier;1.77;;;
DD.MM.YY;DD.MM.YY;Gebucht;Beispielname hier;Beispielname hier;Beispiel Verwendungszweck;Ausgang;Beispiel-IBAN hier;-60;;;
DD.MM.YY;DD.MM.YY;Gebucht;Beispielname hier;Beispielname hier;Beispiel Verwendungszweck;Ausgang;Beispiel-IBAN hier;-21,83;;;
DD.MM.YY;DD.MM.YY;Gebucht;Beispielname hier;Beispielname hier;Beispiel Verwendungszweck;Ausgang;Beispiel-IBAN hier;-39,42;;;
DD.MM.YY;DD.MM.YY;Gebucht;Beispielname hier;Beispielname hier;Beispiel Verwendungszweck;Ausgang;Beispiel-IBAN hier;-8;;;
DD.MM.YY;DD.MM.YY;Gebucht;Beispielname hier;Beispielname hier;Beispiel Verwendungszweck;Ausgang;Beispiel-IBAN hier;-10,27;;;
DD.MM.YY;DD.MM.YY;Gebucht;Beispielname hier;Beispielname hier;Beispiel Verwendungszweck;Ausgang;Beispiel-IBAN hier;-2,99;;;
DD.MM.YY;DD.MM.YY;Gebucht;Beispielname hier;Beispielname hier;Beispiel Verwendungszweck;Ausgang;Beispiel-IBAN hier;-33,68;;;
DD.MM.YY;DD.MM.YY;Gebucht;Beispielname hier;Beispielname hier;Beispiel Verwendungszweck;Eingang;Beispiel-IBAN hier;139;;;
DD.MM.YY;DD.MM.YY;Gebucht;Beispielname hier;Beispielname hier;Beispiel Verwendungszweck;Ausgang;Beispiel-IBAN hier;-1,44;;;
DD.MM.YY;DD.MM.YY;Gebucht;Beispielname hier;Beispielname hier;Beispiel Verwendungszweck;Ausgang;Beispiel-IBAN hier;-4,68;;;
DD.MM.YY;DD.MM.YY;Gebucht;Beispielname hier;Beispielname hier;Beispiel Verwendungszweck;Ausgang;Beispiel-IBAN hier;-58,71;;;
DD.MM.YY;DD.MM.YY;Gebucht;Beispielname hier;Beispielname hier;Beispiel Verwendungszweck;Ausgang;Beispiel-IBAN hier;-12,6;;;
DD.MM.YY;DD.MM.YY;Gebucht;Beispielname hier;Beispielname hier;Beispiel Verwendungszweck;Ausgang;Beispiel-IBAN hier;-81,41;;;
DD.MM.YY;DD.MM.YY;Gebucht;Beispielname hier;Beispielname hier;Beispiel Verwendungszweck;Ausgang;Beispiel-IBAN hier;-85,48;;;
DD.MM.YY;DD.MM.YY;Gebucht;Beispielname hier;Beispielname hier;Beispiel Verwendungszweck;Ausgang;Beispiel-IBAN hier;-54,75;;;
DD.MM.YY;DD.MM.YY;Gebucht;Beispielname hier;Beispielname hier;Beispiel Verwendungszweck;Ausgang;Beispiel-IBAN hier;-128,5;;;
DD.MM.YY;DD.MM.YY;Gebucht;Beispielname hier;Beispielname hier;Beispiel Verwendungszweck;Ausgang;Beispiel-IBAN hier;-30,5;;;
DD.MM.YY;DD.MM.YY;Gebucht;Beispielname hier;Beispielname hier;Beispiel Verwendungszweck;Ausgang;Beispiel-IBAN hier;-2,09;;;
DD.MM.YY;DD.MM.YY;Gebucht;Beispielname hier;Beispielname hier;Beispiel Verwendungszweck;Ausgang;Beispiel-IBAN hier;-16,24;;;
DD.MM.YY;DD.MM.YY;Gebucht;Beispielname hier;Beispielname hier;Beispiel Verwendungszweck;Ausgang;Beispiel-IBAN hier;-41,36;;;
DD.MM.YY;DD.MM.YY;Gebucht;Beispielname hier;Beispielname hier;Beispiel Verwendungszweck;Ausgang;Beispiel-IBAN hier;-139;;;
DD.MM.YY;DD.MM.YY;Gebucht;Beispielname hier;Beispielname hier;Beispiel Verwendungszweck;Ausgang;Beispiel-IBAN hier;-52,08;;;
DD.MM.YY;DD.MM.YY;Gebucht;Beispielname hier;Beispielname hier;Beispiel Verwendungszweck;Ausgang;Beispiel-IBAN hier;-22,09;;;
DD.MM.YY;DD.MM.YY;Gebucht;Beispielname hier;Beispielname hier;Beispiel Verwendungszweck;Ausgang;Beispiel-IBAN hier;-49;;;
DD.MM.YY;DD.MM.YY;Gebucht;Beispielname hier;Beispielname hier;Beispiel Verwendungszweck;Ausgang;Beispiel-IBAN hier;-32,31;;;
DD.MM.YY;DD.MM.YY;Gebucht;Beispielname hier;Beispielname hier;Beispiel Verwendungszweck;Ausgang;Beispiel-IBAN hier;-370;;;
DD.MM.YY;DD.MM.YY;Gebucht;Beispielname hier;Beispielname hier;Beispiel Verwendungszweck;Ausgang;Beispiel-IBAN hier;-28,06;;;
DD.MM.YY;DD.MM.YY;Gebucht;Beispielname hier;Beispielname hier;Beispiel Verwendungszweck;Ausgang;Beispiel-IBAN hier;-51;;;
DD.MM.YY;DD.MM.YY;Gebucht;Beispielname hier;Beispielname hier;Beispiel Verwendungszweck;Eingang;Beispiel-IBAN hier;40;;;
DD.MM.YY;DD.MM.YY;Gebucht;Beispielname hier;Beispielname hier;Beispiel Verwendungszweck;Ausgang;Beispiel-IBAN hier;-49,94;;;
DD.MM.YY;DD.MM.YY;Gebucht;Beispielname hier;Beispielname hier;Beispiel Verwendungszweck;Ausgang;Beispiel-IBAN hier;-24,95;;;
DD.MM.YY;DD.MM.YY;Gebucht;Beispielname hier;Beispielname hier;Beispiel Verwendungszweck;Ausgang;Beispiel-IBAN hier;-108,6;;;
DD.MM.YY;DD.MM.YY;Gebucht;Beispielname hier;Beispielname hier;Beispiel Verwendungszweck;Ausgang;Beispiel-IBAN hier;-6,49;;;
DD.MM.YY;DD.MM.YY;Gebucht;Beispielname hier;Beispielname hier;Beispiel Verwendungszweck;Ausgang;Beispiel-IBAN hier;-24,78;;;
DD.MM.YY;DD.MM.YY;Gebucht;Beispielname hier;Beispielname hier;Beispiel Verwendungszweck;Eingang;Beispiel-IBAN hier;1.77;;;
DD.MM.YY;DD.MM.YY;Gebucht;Beispielname hier;Beispielname hier;Beispiel Verwendungszweck;Ausgang;Beispiel-IBAN hier;-6,48;;;
DD.MM.YY;DD.MM.YY;Gebucht;Beispielname hier;Beispielname hier;Beispiel Verwendungszweck;Ausgang;Beispiel-IBAN hier;-24,98;;;
DD.MM.YY;DD.MM.YY;Gebucht;Beispielname hier;Beispielname hier;Beispiel Verwendungszweck;Eingang;Beispiel-IBAN hier;159,95;;;
DD.MM.YY;DD.MM.YY;Gebucht;Beispielname hier;Beispielname hier;Beispiel Verwendungszweck;Ausgang;Beispiel-IBAN hier;-168,64;;;
DD.MM.YY;DD.MM.YY;Gebucht;Beispielname hier;Beispielname hier;Beispiel Verwendungszweck;Ausgang;Beispiel-IBAN hier;-2;;;
DD.MM.YY;DD.MM.YY;Gebucht;Beispielname hier;Beispielname hier;Beispiel Verwendungszweck;Ausgang;Beispiel-IBAN hier;-23,95;;;
DD.MM.YY;DD.MM.YY;Gebucht;Beispielname hier;Beispielname hier;Beispiel Verwendungszweck;Ausgang;Beispiel-IBAN hier;-159,95;;;
DD.MM.YY;DD.MM.YY;Gebucht;Beispielname hier;Beispielname hier;Beispiel Verwendungszweck;Ausgang;Beispiel-IBAN hier;-16,21;;;
DD.MM.YY;DD.MM.YY;Gebucht;Beispielname hier;Beispielname hier;Beispiel Verwendungszweck;Ausgang;Beispiel-IBAN hier;-14,28;;;
DD.MM.YY;DD.MM.YY;Gebucht;Beispielname hier;Beispielname hier;Beispiel Verwendungszweck;Ausgang;Beispiel-IBAN hier;-23,84;;;
DD.MM.YY;DD.MM.YY;Gebucht;Beispielname hier;Beispielname hier;Beispiel Verwendungszweck;Ausgang;Beispiel-IBAN hier;-60;;;
DD.MM.YY;DD.MM.YY;Gebucht;Beispielname hier;Beispielname hier;Beispiel Verwendungszweck;Ausgang;Beispiel-IBAN hier;-50;;;
DD.MM.YY;DD.MM.YY;Gebucht;Beispielname hier;Beispielname hier;Beispiel Verwendungszweck;Ausgang;Beispiel-IBAN hier;-10;;;
DD.MM.YY;DD.MM.YY;Gebucht;Beispielname hier;Beispielname hier;Beispiel Verwendungszweck;Ausgang;Beispiel-IBAN hier;-2,2;;;
DD.MM.YY;DD.MM.YY;Gebucht;Beispielname hier;Beispielname hier;Beispiel Verwendungszweck;Ausgang;Beispiel-IBAN hier;-5;;;
DD.MM.YY;DD.MM.YY;Gebucht;Beispielname hier;Beispielname hier;Beispiel Verwendungszweck;Ausgang;Beispiel-IBAN hier;-15,41;;;
DD.MM.YY;DD.MM.YY;Gebucht;Beispielname hier;Beispielname hier;Beispiel Verwendungszweck;Ausgang;Beispiel-IBAN hier;-20,02;;;
DD.MM.YY;DD.MM.YY;Gebucht;Beispielname hier;Beispielname hier;Beispiel Verwendungszweck;Ausgang;Beispiel-IBAN hier;-5;;;
DD.MM.YY;DD.MM.YY;Gebucht;Beispielname hier;Beispielname hier;Beispiel Verwendungszweck;Ausgang;Beispiel-IBAN hier;-40;;;
DD.MM.YY;DD.MM.YY;Gebucht;Beispielname hier;Beispielname hier;Beispiel Verwendungszweck;Ausgang;Beispiel-IBAN hier;-7,26;;;
DD.MM.YY;DD.MM.YY;Gebucht;Beispielname hier;Beispielname hier;Beispiel Verwendungszweck;Ausgang;Beispiel-IBAN hier;-4,4;;;
DD.MM.YY;DD.MM.YY;Gebucht;Beispielname hier;Beispielname hier;Beispiel Verwendungszweck;Ausgang;Beispiel-IBAN hier;-4,64;;;
DD.MM.YY;DD.MM.YY;Gebucht;Beispielname hier;Beispielname hier;Beispiel Verwendungszweck;Ausgang;Beispiel-IBAN hier;-13,49;;;
DD.MM.YY;DD.MM.YY;Gebucht;Beispielname hier;Beispielname hier;Beispiel Verwendungszweck;Ausgang;Beispiel-IBAN hier;-4,2;;;
DD.MM.YY;DD.MM.YY;Gebucht;Beispielname hier;Beispielname hier;Beispiel Verwendungszweck;Ausgang;Beispiel-IBAN hier;-55,99;;;
DD.MM.YY;DD.MM.YY;Gebucht;Beispielname hier;Beispielname hier;Beispiel Verwendungszweck;Ausgang;Beispiel-IBAN hier;-60;;;
DD.MM.YY;DD.MM.YY;Gebucht;Beispielname hier;Beispielname hier;Beispiel Verwendungszweck;Ausgang;Beispiel-IBAN hier;-39,3;;;
DD.MM.YY;DD.MM.YY;Gebucht;Beispielname hier;Beispielname hier;Beispiel Verwendungszweck;Ausgang;Beispiel-IBAN hier;-10,44;;;
DD.MM.YY;DD.MM.YY;Gebucht;Beispielname hier;Beispielname hier;Beispiel Verwendungszweck;Ausgang;Beispiel-IBAN hier;-26,8;;;
DD.MM.YY;DD.MM.YY;Gebucht;Beispielname hier;Beispielname hier;Beispiel Verwendungszweck;Ausgang;Beispiel-IBAN hier;-5;;;
DD.MM.YY;DD.MM.YY;Gebucht;Beispielname hier;Beispielname hier;Beispiel Verwendungszweck;Ausgang;Beispiel-IBAN hier;-23,61;;;
DD.MM.YY;DD.MM.YY;Gebucht;Beispielname hier;Beispielname hier;Beispiel Verwendungszweck;Ausgang;Beispiel-IBAN hier;-5;;;
DD.MM.YY;DD.MM.YY;Gebucht;Beispielname hier;Beispielname hier;Beispiel Verwendungszweck;Ausgang;Beispiel-IBAN hier;-0,26;;;
DD.MM.YY;DD.MM.YY;Gebucht;Beispielname hier;Beispielname hier;Beispiel Verwendungszweck;Ausgang;Beispiel-IBAN hier;-1,48;;;
DD.MM.YY;DD.MM.YY;Gebucht;Beispielname hier;Beispielname hier;Beispiel Verwendungszweck;Ausgang;Beispiel-IBAN hier;-9,08;;;
DD.MM.YY;DD.MM.YY;Gebucht;Beispielname hier;Beispielname hier;Beispiel Verwendungszweck;Ausgang;Beispiel-IBAN hier;-40,1;;;
DD.MM.YY;DD.MM.YY;Gebucht;Beispielname hier;Beispielname hier;Beispiel Verwendungszweck;Ausgang;Beispiel-IBAN hier;-100;;;
DD.MM.YY;DD.MM.YY;Gebucht;Beispielname hier;Beispielname hier;Beispiel Verwendungszweck;Ausgang;Beispiel-IBAN hier;-24,99;;;
DD.MM.YY;DD.MM.YY;Gebucht;Beispielname hier;Beispielname hier;Beispiel Verwendungszweck;Ausgang;Beispiel-IBAN hier;-73,97;;;
DD.MM.YY;DD.MM.YY;Gebucht;Beispielname hier;Beispielname hier;Beispiel Verwendungszweck;Ausgang;Beispiel-IBAN hier;-5,09;;;
DD.MM.YY;DD.MM.YY;Gebucht;Beispielname hier;Beispielname hier;Beispiel Verwendungszweck;Ausgang;Beispiel-IBAN hier;-25,53;;;
DD.MM.YY;DD.MM.YY;Gebucht;Beispielname hier;Beispielname hier;Beispiel Verwendungszweck;Ausgang;Beispiel-IBAN hier;-49;;;
DD.MM.YY;DD.MM.YY;Gebucht;Beispielname hier;Beispielname hier;Beispiel Verwendungszweck;Ausgang;Beispiel-IBAN hier;-32,31;;;
DD.MM.YY;DD.MM.YY;Gebucht;Beispielname hier;Beispielname hier;Beispiel Verwendungszweck;Ausgang;Beispiel-IBAN hier;-370;;;
DD.MM.YY;DD.MM.YY;Gebucht;Beispielname hier;Beispielname hier;Beispiel Verwendungszweck;Eingang;Beispiel-IBAN hier;0;;;
DD.MM.YY;DD.MM.YY;Gebucht;Beispielname hier;Beispielname hier;Beispiel Verwendungszweck;Ausgang;Beispiel-IBAN hier;-22,55;;;
DD.MM.YY;DD.MM.YY;Gebucht;Beispielname hier;Beispielname hier;Beispiel Verwendungszweck;Ausgang;Beispiel-IBAN hier;-51;;;
DD.MM.YY;DD.MM.YY;Gebucht;Beispielname hier;Beispielname hier;Beispiel Verwendungszweck;Ausgang;Beispiel-IBAN hier;-49,94;;;
DD.MM.YY;DD.MM.YY;Gebucht;Beispielname hier;Beispielname hier;Beispiel Verwendungszweck;Ausgang;Beispiel-IBAN hier;-23,4;;;
DD.MM.YY;DD.MM.YY;Gebucht;Beispielname hier;Beispielname hier;Beispiel Verwendungszweck;Ausgang;Beispiel-IBAN hier;-60;;;
DD.MM.YY;DD.MM.YY;Gebucht;Beispielname hier;Beispielname hier;Beispiel Verwendungszweck;Ausgang;Beispiel-IBAN hier;-24,95;;;
DD.MM.YY;DD.MM.YY;Gebucht;Beispielname hier;Beispielname hier;Beispiel Verwendungszweck;Eingang;Beispiel-IBAN hier;1.77;;;
DD.MM.YY;DD.MM.YY;Gebucht;Beispielname hier;Beispielname hier;Beispiel Verwendungszweck;Ausgang;Beispiel-IBAN hier;-6,3;;;
DD.MM.YY;DD.MM.YY;Gebucht;Beispielname hier;Beispielname hier;Beispiel Verwendungszweck;Ausgang;Beispiel-IBAN hier;-14,75;;;
DD.MM.YY;DD.MM.YY;Gebucht;Beispielname hier;Beispielname hier;Beispiel Verwendungszweck;Ausgang;Beispiel-IBAN hier;-5,36;;;
DD.MM.YY;DD.MM.YY;Gebucht;Beispielname hier;Beispielname hier;Beispiel Verwendungszweck;Eingang;Beispiel-IBAN hier;7,51;;;
DD.MM.YY;DD.MM.YY;Gebucht;Beispielname hier;Beispielname hier;Beispiel Verwendungszweck;Ausgang;Beispiel-IBAN hier;-35,36;;;
DD.MM.YY;DD.MM.YY;Gebucht;Beispielname hier;Beispielname hier;Beispiel Verwendungszweck;Eingang;Beispiel-IBAN hier;35,36;;;
DD.MM.YY;DD.MM.YY;Gebucht;Beispielname hier;Beispielname hier;Beispiel Verwendungszweck;Ausgang;Beispiel-IBAN hier;-20,11;;;
DD.MM.YY;DD.MM.YY;Gebucht;Beispielname hier;Beispielname hier;Beispiel Verwendungszweck;Eingang;Beispiel-IBAN hier;5,36;;;
DD.MM.YY;DD.MM.YY;Gebucht;Beispielname hier;Beispielname hier;Beispiel Verwendungszweck;Ausgang;Beispiel-IBAN hier;-17,02;;;
DD.MM.YY;DD.MM.YY;Gebucht;Beispielname hier;Beispielname hier;Beispiel Verwendungszweck;Ausgang;Beispiel-IBAN hier;-108,3;;;
DD.MM.YY;DD.MM.YY;Gebucht;Beispielname hier;Beispielname hier;Beispiel Verwendungszweck;Ausgang;Beispiel-IBAN hier;-1;;;
DD.MM.YY;DD.MM.YY;Gebucht;Beispielname hier;Beispielname hier;Beispiel Verwendungszweck;Ausgang;Beispiel-IBAN hier;-23,85;;;
DD.MM.YY;DD.MM.YY;Gebucht;Beispielname hier;Beispielname hier;Beispiel Verwendungszweck;Ausgang;Beispiel-IBAN hier;-0,4;;;
DD.MM.YY;DD.MM.YY;Gebucht;Beispielname hier;Beispielname hier;Beispiel Verwendungszweck;Ausgang;Beispiel-IBAN hier;-26,82;;;
DD.MM.YY;DD.MM.YY;Gebucht;Beispielname hier;Beispielname hier;Beispiel Verwendungszweck;Ausgang;Beispiel-IBAN hier;-2;;;
DD.MM.YY;DD.MM.YY;Gebucht;Beispielname hier;Beispielname hier;Beispiel Verwendungszweck;Ausgang;Beispiel-IBAN hier;-12,25;;;
DD.MM.YY;DD.MM.YY;Gebucht;Beispielname hier;Beispielname hier;Beispiel Verwendungszweck;Ausgang;Beispiel-IBAN hier;-55,08;;;
DD.MM.YY;DD.MM.YY;Gebucht;Beispielname hier;Beispielname hier;Beispiel Verwendungszweck;Ausgang;Beispiel-IBAN hier;-21,27;;;
DD.MM.YY;DD.MM.YY;Gebucht;Beispielname hier;Beispielname hier;Beispiel Verwendungszweck;Ausgang;Beispiel-IBAN hier;-25;;;
DD.MM.YY;DD.MM.YY;Gebucht;Beispielname hier;Beispielname hier;Beispiel Verwendungszweck;Ausgang;Beispiel-IBAN hier;-25;;;
DD.MM.YY;DD.MM.YY;Gebucht;Beispielname hier;Beispielname hier;Beispiel Verwendungszweck;Ausgang;Beispiel-IBAN hier;-60;;;
DD.MM.YY;DD.MM.YY;Gebucht;Beispielname hier;Beispielname hier;Beispiel Verwendungszweck;Ausgang;Beispiel-IBAN hier;-22,45;;;
DD.MM.YY;DD.MM.YY;Gebucht;Beispielname hier;Beispielname hier;Beispiel Verwendungszweck;Ausgang;Beispiel-IBAN hier;-7,9;;;
DD.MM.YY;DD.MM.YY;Gebucht;Beispielname hier;Beispielname hier;Beispiel Verwendungszweck;Ausgang;Beispiel-IBAN hier;-4,99;;;
DD.MM.YY;DD.MM.YY;Gebucht;Beispielname hier;Beispielname hier;Beispiel Verwendungszweck;Ausgang;Beispiel-IBAN hier;-2,2;;;
DD.MM.YY;DD.MM.YY;Gebucht;Beispielname hier;Beispielname hier;Beispiel Verwendungszweck;Ausgang;Beispiel-IBAN hier;-2,09;;;
DD.MM.YY;DD.MM.YY;Gebucht;Beispielname hier;Beispielname hier;Beispiel Verwendungszweck;Ausgang;Beispiel-IBAN hier;-15,77;;;
DD.MM.YY;DD.MM.YY;Gebucht;Beispielname hier;Beispielname hier;Beispiel Verwendungszweck;Ausgang;Beispiel-IBAN hier;-5;;;
DD.MM.YY;DD.MM.YY;Gebucht;Beispielname hier;Beispielname hier;Beispiel Verwendungszweck;Ausgang;Beispiel-IBAN hier;-19,68;;;
DD.MM.YY;DD.MM.YY;Gebucht;Beispielname hier;Beispielname hier;Beispiel Verwendungszweck;Ausgang;Beispiel-IBAN hier;-31,58;;;
DD.MM.YY;DD.MM.YY;Gebucht;Beispielname hier;Beispielname hier;Beispiel Verwendungszweck;Ausgang;Beispiel-IBAN hier;-37;;;
DD.MM.YY;DD.MM.YY;Gebucht;Beispielname hier;Beispielname hier;Beispiel Verwendungszweck;Ausgang;Beispiel-IBAN hier;-60;;;
DD.MM.YY;DD.MM.YY;Gebucht;Beispielname hier;Beispielname hier;Beispiel Verwendungszweck;Ausgang;Beispiel-IBAN hier;-18,08;;;
DD.MM.YY;DD.MM.YY;Gebucht;Beispielname hier;Beispielname hier;Beispiel Verwendungszweck;Ausgang;Beispiel-IBAN hier;-370;;;
DD.MM.YY;DD.MM.YY;Gebucht;Beispielname hier;Beispielname hier;Beispiel Verwendungszweck;Ausgang;Beispiel-IBAN hier;-32,31;;;
DD.MM.YY;DD.MM.YY;Gebucht;Beispielname hier;Beispielname hier;Beispiel Verwendungszweck;Ausgang;Beispiel-IBAN hier;-49;;;
DD.MM.YY;DD.MM.YY;Gebucht;Beispielname hier;Beispielname hier;Beispiel Verwendungszweck;Ausgang;Beispiel-IBAN hier;-19,55;;;
DD.MM.YY;DD.MM.YY;Gebucht;Beispielname hier;Beispielname hier;Beispiel Verwendungszweck;Ausgang;Beispiel-IBAN hier;-18,58;;;
DD.MM.YY;DD.MM.YY;Gebucht;Beispielname hier;Beispielname hier;Beispiel Verwendungszweck;Ausgang;Beispiel-IBAN hier;-41,98;;;
DD.MM.YY;DD.MM.YY;Gebucht;Beispielname hier;Beispielname hier;Beispiel Verwendungszweck;Ausgang;Beispiel-IBAN hier;-51;;;
DD.MM.YY;DD.MM.YY;Gebucht;Beispielname hier;Beispielname hier;Beispiel Verwendungszweck;Ausgang;Beispiel-IBAN hier;-49,94;;;
DD.MM.YY;DD.MM.YY;Gebucht;Beispielname hier;Beispielname hier;Beispiel Verwendungszweck;Ausgang;Beispiel-IBAN hier;-17,93;;;
DD.MM.YY;DD.MM.YY;Gebucht;Beispielname hier;Beispielname hier;Beispiel Verwendungszweck;Ausgang;Beispiel-IBAN hier;-24,95;;;
DD.MM.YY;DD.MM.YY;Gebucht;Beispielname hier;Beispielname hier;Beispiel Verwendungszweck;Ausgang;Beispiel-IBAN hier;-5;;;
DD.MM.YY;DD.MM.YY;Gebucht;Beispielname hier;Beispielname hier;Beispiel Verwendungszweck;Ausgang;Beispiel-IBAN hier;-18,86;;;
DD.MM.YY;DD.MM.YY;Gebucht;Beispielname hier;Beispielname hier;Beispiel Verwendungszweck;Ausgang;Beispiel-IBAN hier;-19,18;;;
DD.MM.YY;DD.MM.YY;Gebucht;Beispielname hier;Beispielname hier;Beispiel Verwendungszweck;Eingang;Beispiel-IBAN hier;1.77;;;
DD.MM.YY;DD.MM.YY;Gebucht;Beispielname hier;Beispielname hier;Beispiel Verwendungszweck;Ausgang;Beispiel-IBAN hier;-16,82;;;
DD.MM.YY;DD.MM.YY;Gebucht;Beispielname hier;Beispielname hier;Beispiel Verwendungszweck;Ausgang;Beispiel-IBAN hier;-3,7;;;
DD.MM.YY;DD.MM.YY;Gebucht;Beispielname hier;Beispielname hier;Beispiel Verwendungszweck;Ausgang;Beispiel-IBAN hier;-11,25;;;
DD.MM.YY;DD.MM.YY;Gebucht;Beispielname hier;Beispielname hier;Beispiel Verwendungszweck;Ausgang;Beispiel-IBAN hier;-19,68;;;
DD.MM.YY;DD.MM.YY;Gebucht;Beispielname hier;Beispielname hier;Beispiel Verwendungszweck;Ausgang;Beispiel-IBAN hier;-32,98;;;
DD.MM.YY;DD.MM.YY;Gebucht;Beispielname hier;Beispielname hier;Beispiel Verwendungszweck;Ausgang;Beispiel-IBAN hier;-10;;;
DD.MM.YY;DD.MM.YY;Gebucht;Beispielname hier;Beispielname hier;Beispiel Verwendungszweck;Ausgang;Beispiel-IBAN hier;-20,33;;;
DD.MM.YY;DD.MM.YY;Gebucht;Beispielname hier;Beispielname hier;Beispiel Verwendungszweck;Ausgang;Beispiel-IBAN hier;-4,3;;;
DD.MM.YY;DD.MM.YY;Gebucht;Beispielname hier;Beispielname hier;Beispiel Verwendungszweck;Ausgang;Beispiel-IBAN hier;-20,12;;;
DD.MM.YY;DD.MM.YY;Gebucht;Beispielname hier;Beispielname hier;Beispiel Verwendungszweck;Ausgang;Beispiel-IBAN hier;-41,84;;;
DD.MM.YY;DD.MM.YY;Gebucht;Beispielname hier;Beispielname hier;Beispiel Verwendungszweck;Ausgang;Beispiel-IBAN hier;-35,9;;;
DD.MM.YY;DD.MM.YY;Gebucht;Beispielname hier;Beispielname hier;Beispiel Verwendungszweck;Ausgang;Beispiel-IBAN hier;-12,62;;;
DD.MM.YY;DD.MM.YY;Gebucht;Beispielname hier;Beispielname hier;Beispiel Verwendungszweck;Ausgang;Beispiel-IBAN hier;-71,2;;;
DD.MM.YY;DD.MM.YY;Gebucht;Beispielname hier;Beispielname hier;Beispiel Verwendungszweck;Ausgang;Beispiel-IBAN hier;-52,98;;;
DD.MM.YY;DD.MM.YY;Gebucht;Beispielname hier;Beispielname hier;Beispiel Verwendungszweck;Ausgang;Beispiel-IBAN hier;-10;;;
DD.MM.YY;DD.MM.YY;Gebucht;Beispielname hier;Beispielname hier;Beispiel Verwendungszweck;Ausgang;Beispiel-IBAN hier;-4,84;;;
DD.MM.YY;DD.MM.YY;Gebucht;Beispielname hier;Beispielname hier;Beispiel Verwendungszweck;Ausgang;Beispiel-IBAN hier;-41,56;;;
DD.MM.YY;DD.MM.YY;Gebucht;Beispielname hier;Beispielname hier;Beispiel Verwendungszweck;Ausgang;Beispiel-IBAN hier;-9,87;;;
DD.MM.YY;DD.MM.YY;Gebucht;Beispielname hier;Beispielname hier;Beispiel Verwendungszweck;Ausgang;Beispiel-IBAN hier;-5;;;
DD.MM.YY;DD.MM.YY;Gebucht;Beispielname hier;Beispielname hier;Beispiel Verwendungszweck;Ausgang;Beispiel-IBAN hier;-42,6;;;
DD.MM.YY;DD.MM.YY;Gebucht;Beispielname hier;Beispielname hier;Beispiel Verwendungszweck;Ausgang;Beispiel-IBAN hier;-6,96;;;
DD.MM.YY;DD.MM.YY;Gebucht;Beispielname hier;Beispielname hier;Beispiel Verwendungszweck;Ausgang;Beispiel-IBAN hier;-79,96;;;
DD.MM.YY;DD.MM.YY;Gebucht;Beispielname hier;Beispielname hier;Beispiel Verwendungszweck;Ausgang;Beispiel-IBAN hier;-10;;;
DD.MM.YY;DD.MM.YY;Gebucht;Beispielname hier;Beispielname hier;Beispiel Verwendungszweck;Ausgang;Beispiel-IBAN hier;-24,02;;;
DD.MM.YY;DD.MM.YY;Gebucht;Beispielname hier;Beispielname hier;Beispiel Verwendungszweck;Ausgang;Beispiel-IBAN hier;-10;;;
DD.MM.YY;DD.MM.YY;Gebucht;Beispielname hier;Beispielname hier;Beispiel Verwendungszweck;Ausgang;Beispiel-IBAN hier;-2,09;;;
DD.MM.YY;DD.MM.YY;Gebucht;Beispielname hier;Beispielname hier;Beispiel Verwendungszweck;Ausgang;Beispiel-IBAN hier;-37,06;;;
DD.MM.YY;DD.MM.YY;Gebucht;Beispielname hier;Beispielname hier;Beispiel Verwendungszweck;Ausgang;Beispiel-IBAN hier;-10;;;
DD.MM.YY;DD.MM.YY;Gebucht;Beispielname hier;Beispielname hier;Beispiel Verwendungszweck;Ausgang;Beispiel-IBAN hier;-10;;;
DD.MM.YY;DD.MM.YY;Gebucht;Beispielname hier;Beispielname hier;Beispiel Verwendungszweck;Ausgang;Beispiel-IBAN hier;-5;;;
DD.MM.YY;DD.MM.YY;Gebucht;Beispielname hier;Beispielname hier;Beispiel Verwendungszweck;Ausgang;Beispiel-IBAN hier;-60;;;
DD.MM.YY;DD.MM.YY;Gebucht;Beispielname hier;Beispielname hier;Beispiel Verwendungszweck;Ausgang;Beispiel-IBAN hier;-18,12;;;
DD.MM.YY;DD.MM.YY;Gebucht;Beispielname hier;Beispielname hier;Beispiel Verwendungszweck;Ausgang;Beispiel-IBAN hier;-10,68;;;
DD.MM.YY;DD.MM.YY;Gebucht;Beispielname hier;Beispielname hier;Beispiel Verwendungszweck;Ausgang;Beispiel-IBAN hier;-49;;;
DD.MM.YY;DD.MM.YY;Gebucht;Beispielname hier;Beispielname hier;Beispiel Verwendungszweck;Ausgang;Beispiel-IBAN hier;-370;;;
DD.MM.YY;DD.MM.YY;Gebucht;Beispielname hier;Beispielname hier;Beispiel Verwendungszweck;Ausgang;Beispiel-IBAN hier;-32,31;;;
DD.MM.YY;DD.MM.YY;Gebucht;Beispielname hier;Beispielname hier;Beispiel Verwendungszweck;Ausgang;Beispiel-IBAN hier;-31,35;;;
DD.MM.YY;DD.MM.YY;Gebucht;Beispielname hier;Beispielname hier;Beispiel Verwendungszweck;Ausgang;Beispiel-IBAN hier;-51;;;
DD.MM.YY;DD.MM.YY;Gebucht;Beispielname hier;Beispielname hier;Beispiel Verwendungszweck;Ausgang;Beispiel-IBAN hier;-20,58;;;
DD.MM.YY;DD.MM.YY;Gebucht;Beispielname hier;Beispielname hier;Beispiel Verwendungszweck;Ausgang;Beispiel-IBAN hier;-5;;;
DD.MM.YY;DD.MM.YY;Gebucht;Beispielname hier;Beispielname hier;Beispiel Verwendungszweck;Ausgang;Beispiel-IBAN hier;-5;;;
DD.MM.YY;DD.MM.YY;Gebucht;Beispielname hier;Beispielname hier;Beispiel Verwendungszweck;Ausgang;Beispiel-IBAN hier;-33,2;;;
DD.MM.YY;DD.MM.YY;Gebucht;Beispielname hier;Beispielname hier;Beispiel Verwendungszweck;Ausgang;Beispiel-IBAN hier;-24,4;;;
DD.MM.YY;DD.MM.YY;Gebucht;Beispielname hier;Beispielname hier;Beispiel Verwendungszweck;Ausgang;Beispiel-IBAN hier;-33,2;;;
DD.MM.YY;DD.MM.YY;Gebucht;Beispielname hier;Beispielname hier;Beispiel Verwendungszweck;Ausgang;Beispiel-IBAN hier;-7,16;;;
DD.MM.YY;DD.MM.YY;Gebucht;Beispielname hier;Beispielname hier;Beispiel Verwendungszweck;Ausgang;Beispiel-IBAN hier;-7,05;;;
DD.MM.YY;DD.MM.YY;Gebucht;Beispielname hier;Beispielname hier;Beispiel Verwendungszweck;Ausgang;Beispiel-IBAN hier;-49,94;;;
DD.MM.YY;DD.MM.YY;Gebucht;Beispielname hier;Beispielname hier;Beispiel Verwendungszweck;Ausgang;Beispiel-IBAN hier;-24,95;;;
DD.MM.YY;DD.MM.YY;Gebucht;Beispielname hier;Beispielname hier;Beispiel Verwendungszweck;Ausgang;Beispiel-IBAN hier;-29,39;;;
DD.MM.YY;DD.MM.YY;Gebucht;Beispielname hier;Beispielname hier;Beispiel Verwendungszweck;Ausgang;Beispiel-IBAN hier;-28,8;;;
DD.MM.YY;DD.MM.YY;Gebucht;Beispielname hier;Beispielname hier;Beispiel Verwendungszweck;Eingang;Beispiel-IBAN hier;1.77;;;
DD.MM.YY;DD.MM.YY;Gebucht;Beispielname hier;Beispielname hier;Beispiel Verwendungszweck;Ausgang;Beispiel-IBAN hier;-112,88;;;
DD.MM.YY;DD.MM.YY;Gebucht;Beispielname hier;Beispielname hier;Beispiel Verwendungszweck;Ausgang;Beispiel-IBAN hier;-2,09;;;
DD.MM.YY;DD.MM.YY;Gebucht;Beispielname hier;Beispielname hier;Beispiel Verwendungszweck;Ausgang;Beispiel-IBAN hier;-90;;;
DD.MM.YY;DD.MM.YY;Gebucht;Beispielname hier;Beispielname hier;Beispiel Verwendungszweck;Ausgang;Beispiel-IBAN hier;-16,71;;;
DD.MM.YY;DD.MM.YY;Gebucht;Beispielname hier;Beispielname hier;Beispiel Verwendungszweck;Ausgang;Beispiel-IBAN hier;-32,31;;;
DD.MM.YY;DD.MM.YY;Gebucht;Beispielname hier;Beispielname hier;Beispiel Verwendungszweck;Ausgang;Beispiel-IBAN hier;-9,79;;;
DD.MM.YY;DD.MM.YY;Gebucht;Beispielname hier;Beispielname hier;Beispiel Verwendungszweck;Ausgang;Beispiel-IBAN hier;-50;;;
DD.MM.YY;DD.MM.YY;Gebucht;Beispielname hier;Beispielname hier;Beispiel Verwendungszweck;Ausgang;Beispiel-IBAN hier;-100;;;
DD.MM.YY;DD.MM.YY;Gebucht;Beispielname hier;Beispielname hier;Beispiel Verwendungszweck;Ausgang;Beispiel-IBAN hier;-40,3;;;
DD.MM.YY;DD.MM.YY;Gebucht;Beispielname hier;Beispielname hier;Beispiel Verwendungszweck;Ausgang;Beispiel-IBAN hier;-9,07;;;
DD.MM.YY;DD.MM.YY;Gebucht;Beispielname hier;Beispielname hier;Beispiel Verwendungszweck;Ausgang;Beispiel-IBAN hier;-11,88;;;
DD.MM.YY;DD.MM.YY;Gebucht;Beispielname hier;Beispielname hier;Beispiel Verwendungszweck;Ausgang;Beispiel-IBAN hier;-11,95;;;
DD.MM.YY;DD.MM.YY;Gebucht;Beispielname hier;Beispielname hier;Beispiel Verwendungszweck;Ausgang;Beispiel-IBAN hier;-27,85;;;
DD.MM.YY;DD.MM.YY;Gebucht;Beispielname hier;Beispielname hier;Beispiel Verwendungszweck;Ausgang;Beispiel-IBAN hier;-50;;;
DD.MM.YY;DD.MM.YY;Gebucht;Beispielname hier;Beispielname hier;Beispiel Verwendungszweck;Ausgang;Beispiel-IBAN hier;-13,01;;;
DD.MM.YY;DD.MM.YY;Gebucht;Beispielname hier;Beispielname hier;Beispiel Verwendungszweck;Eingang;Beispiel-IBAN hier;14,99;;;
DD.MM.YY;DD.MM.YY;Gebucht;Beispielname hier;Beispielname hier;Beispiel Verwendungszweck;Ausgang;Beispiel-IBAN hier;-9,47;;;
DD.MM.YY;DD.MM.YY;Gebucht;Beispielname hier;Beispielname hier;Beispiel Verwendungszweck;Ausgang;Beispiel-IBAN hier;-9,39;;;
DD.MM.YY;DD.MM.YY;Gebucht;Beispielname hier;Beispielname hier;Beispiel Verwendungszweck;Ausgang;Beispiel-IBAN hier;-9,97;;;
DD.MM.YY;DD.MM.YY;Gebucht;Beispielname hier;Beispielname hier;Beispiel Verwendungszweck;Ausgang;Beispiel-IBAN hier;-23,4;;;
DD.MM.YY;DD.MM.YY;Gebucht;Beispielname hier;Beispielname hier;Beispiel Verwendungszweck;Ausgang;Beispiel-IBAN hier;-32,01;;;
DD.MM.YY;DD.MM.YY;Gebucht;Beispielname hier;Beispielname hier;Beispiel Verwendungszweck;Ausgang;Beispiel-IBAN hier;-81,99;;;
DD.MM.YY;DD.MM.YY;Gebucht;Beispielname hier;Beispielname hier;Beispiel Verwendungszweck;Ausgang;Beispiel-IBAN hier;-17,94;;;
DD.MM.YY;DD.MM.YY;Gebucht;Beispielname hier;Beispielname hier;Beispiel Verwendungszweck;Ausgang;Beispiel-IBAN hier;-0,36;;;
DD.MM.YY;DD.MM.YY;Gebucht;Beispielname hier;Beispielname hier;Beispiel Verwendungszweck;Ausgang;Beispiel-IBAN hier;-28,8;;;
DD.MM.YY;DD.MM.YY;Gebucht;Beispielname hier;Beispielname hier;Beispiel Verwendungszweck;Ausgang;Beispiel-IBAN hier;-39,97;;;
DD.MM.YY;DD.MM.YY;Gebucht;Beispielname hier;Beispielname hier;Beispiel Verwendungszweck;Ausgang;Beispiel-IBAN hier;-23,4;;;
DD.MM.YY;DD.MM.YY;Gebucht;Beispielname hier;Beispielname hier;Beispiel Verwendungszweck;Ausgang;Beispiel-IBAN hier;-30,39;;;
DD.MM.YY;DD.MM.YY;Gebucht;Beispielname hier;Beispielname hier;Beispiel Verwendungszweck;Ausgang;Beispiel-IBAN hier;-49,94;;;
DD.MM.YY;DD.MM.YY;Gebucht;Beispielname hier;Beispielname hier;Beispiel Verwendungszweck;Ausgang;Beispiel-IBAN hier;-49;;;
DD.MM.YY;DD.MM.YY;Gebucht;Beispielname hier;Beispielname hier;Beispiel Verwendungszweck;Ausgang;Beispiel-IBAN hier;-370;;;
